type_holding,type,addr,code,link,sq,lat,lng,price
,Γραφείο,Σίνα 11-13 & Καπλανών,Κωδ. Ακινήτου: 6269,/property/6269/,"656,87 ",37.9810784,23.7367641,
ΠΩΛΗΣΗ,Βιομηχανικό κτήριο,"19ο χλμ. Λεωρόφου Παιανίας - Μαρκοπούλου, θέση ""Πούσι Χατζή""",Κωδ. Ακινήτου: 5918,/property/5918/,"3434,88 ",37.8833564,23.9333037,
ΠΩΛΗΣΗ,Οικόπεδο,"Σφακτηρίας, Αιγάλεω & Παπαστράτου, Ο.Τ.: 179, θέση ΑΣΠΡΑ ΧΩΜΑΤΑ ή ΚΑΜΠΑΤΑ",Κωδ. Ακινήτου: 5833,/property/5833/,"1265,68 ",37.9524459,23.6385917,
ΠΩΛΗΣΗ / ΕΚΜΙΣΘΩΣΗ,Κατάσ,Αντιπλοιάρχου Παναγιώτη Α. Βλαχάκου (πρώην Αρσίου) 34 & Σαλαμίνος 2Β,Κωδ. Ακινήτου: 3964,/property/3964/,"342,80 ",37.956071,23.6411833,
ΠΩΛΗΣΗ / ΕΚΜΙΣΘΩΣΗ,Πολυώροφο κτήριο,"Κύπρου 78, ΛΑΡΙΣΑ",Κωδ. Ακινήτου: 564,/property/564/,"847,00 ",39.6387596,22.4160254,
ΠΩΛΗΣΗ / ΕΚΜΙΣΘΩΣΗ,Κατάσ,Λεωφόρος Συγγρού 137,Κωδ. Ακινήτου: 521,/property/521/,"532,45 ",37.9546107,23.7147732,
ΠΩΛΗΣΗ,Κατάσ,"Ευγενίου Βουλγάρεως 75A & Σπύρου Αρβανιτάκη, KEPKYPA",Κωδ. Ακινήτου: 753,/property/753/,"724,99 ",39.6234482,19.9208304,
ΠΩΛΗΣΗ / ΕΚΜΙΣΘΩΣΗ,Πολυώροφο κτήριο,Πλατείας Πύρρου & 28ης Οκτωβρίου 1,Κωδ. Ακινήτου: 556,/property/556/,"1438,97 ",39.6638831,20.8528705,
,Οικόπεδο,"Κωστή Παλαμά 5, Άλιμος",Κωδ. Ακινήτου: Π818,/property/p818/,"1060,00 ",37.9092177,23.7243651,"                                2.000.000,00                             "
ΠΩΛΗΣΗ,Κατάσ,"Βύρωνος 2 & Λιθοστρώτου (Διαδόχου Κωνσταντίνου), Ο.Τ. 114, Αργοστόλι",Κωδ. Ακινήτου: 3942,/property/3942/,"368,07 ",37.9759016,23.6514471,
ΠΩΛΗΣΗ,Ξενοδοχείο,"Σωτηρίου Αναργύρου, Σπέτσες",Κωδ. Ακινήτου: Π817,/property/p817/,"5651,00 ",37.2691756,23.1527012,"                                8.000.000,00                             "
ΕΚΜΙΣΘΩΣΗ,Γραφείο,"Ιάσονος 60, Βόλος",Κωδ. Ακινήτου: 743,/property/743/,"479,00 ",39.3605013,22.9453207,
ΕΚΜΙΣΘΩΣΗ,Γραφείο,"Ομονοίας 56, Καβάλα",Κωδ. Ακινήτου: 755,/property/755/,"898,03 ",40.9376347,24.4123318,
ΠΩΛΗΣΗ,Διαμέρισμα,"Γεωργαντά 28, Ο.Τ. 74, Κηφισιά",Κωδ. Ακινήτου: 6686,/property/6686/,"498,05 ",38.07187649999999,23.8170633,
ΕΚΜΙΣΘΩΣΗ,Γραφείο,"Γρ. Λαμπράκη 156, Ανδρούτσου & Μπουμπουλίνας 47-49, Πειραιάς",Κωδ. Ακινήτου: 808,/property/808/,"403,00 ",37.9397653,23.6486594,
ΠΩΛΗΣΗ,Κατάσ,"Μητροπόλεως 11, Ι. Δραγούμη & Ρογκότη, Ο.Τ.:128 πλατεία Ελευθερίας",Κωδ. Ακινήτου: 546,/property/546/,"1989,90 ",40.63454249999999,22.9383589,
ΕΚΜΙΣΘΩΣΗ,Κατάσ,"Πανεπισου 41, Αθήνα",Κωδ. Ακινήτου: 775,/property/775/,"78,53 ",37.981004,23.732142,
ΕΚΜΙΣΘΩΣΗ,Γραφείο,"Καρνεάδου 25-27, Αθήνα",Κωδ. Ακινήτου: e1298,/property/e1298/,"406,80 ",37.977215,23.74486,
ΠΩΛΗΣΗ,Κατοικία,"Γυμναστηρίου & πεζόδρομων Μακρονήσου, Νάξου & Σκοπέλου, O.T. 271, θέση ""Μορτερό""",Κωδ. Ακινήτου: 5742,/property/5742/,"9843,00 ",UNK,UNK,
ΠΩΛΗΣΗ,Βιομηχανικό κτήριο,"Θέση ""Αγιος Χαράλαμπος"" ή ""Καλαμάκι"" Ισθμίων επί της Π.Ε.Ο. Κορίνθου-Αθηνών",Κωδ. Ακινήτου: 5886,/property/5886/,UNK,37.9902927,23.7128946,
ΠΩΛΗΣΗ,Κατοικία,"Περιάνδρου 4Β, Νέα Λέσβος, Δ. Αμαρουσίου",Κωδ. Ακινήτου: Π815,/property/p815/,"552,08 ",38.0580361,23.8282864,"                                600.000,00                             "
ΠΩΛΗΣΗ,Οικόπεδο,"Ήρας 6,  Εκάλη",Κωδ. Ακινήτου: Π805,/property/p805/,"1027,00 ",38.1033708,23.8323176,"                                1.000.000,00                             "
ΠΩΛΗΣΗ,Οικόπεδο,"Ήρας 6, Εκάλη",Κωδ. Ακινήτου: Π804,/property/p804/,"1440,00 ",38.1033708,23.8323176,"                                1.500.000,00                             "
ΠΩΛΗΣΗ,Κατοικία,"Φιλιππάκη 7, Ηράκλειο",Κωδ. Ακινήτου: Π793,/property/p793/,"318,30 ",35.3387352,25.1442126,"                                170.000,00                             "
ΠΩΛΗΣΗ,Κατάσ,"Βορείου Ηπείρου, Σπάρτη",Κωδ. Ακινήτου: Π795,/property/p795/,"94,00 ",37.0741634,22.4208733,"                                65.000,00                             "
ΠΩΛΗΣΗ,Κατάσ,Λεωφόρος Ιωνίας 222,Κωδ. Ακινήτου: Π794,/property/p794/,"240,80 ",38.01650100000001,23.7299254,"                                170.000,00                             "
ΠΩΛΗΣΗ,Βιομηχανικό κτήριο,"Π.Ε.Ο. Αθηνών - Κορίνθου, Λουτράκι",Κωδ. Ακινήτου: Π790,/property/p790/,"1097,00 ",37.9759033,22.9774589,"                                420.000,00                             "
ΠΩΛΗΣΗ,Αγροχιο,"Αγία Παρασκευή, Αφίδνες",Κωδ. Ακινήτου: Π789,/property/p789/,"12636,81 ",38.0135829,23.8218079,"                                450.000,00                             "
ΠΩΛΗΣΗ,Πολυώροφο κτήριο,"Οδυσσέως 12, Λέσβος",Κωδ. Ακινήτου: Π796,/property/p796/,"246,21 ",39.1035563,26.5523618,"                                190.000,00                             "
ΠΩΛΗΣΗ,Πολυώροφο κτήριο,"4ο χλμ. Εθνικής Οδού Λαρίσης-Αθηνών, Λάρισα",Κωδ. Ακινήτου: Π787,/property/p787/,"2653,00 ",39.6390071,22.4280667,"                                1.600.000,00                             "
ΠΩΛΗΣΗ,Οικόπεδο,"Κωνσταντίνου Καραμανλή, Σάμος",Κωδ. Ακινήτου: Π792,/property/p792/,"2544,64 ",37.7546739,26.9798272,"                                900.000,00                             "
ΠΩΛΗΣΗ,Πολυώροφο κτήριο,"Σπύρου Πάτση 58, Αθήνα",Κωδ. Ακινήτου: Π788,/property/p788/,"2358,28 ",37.9802328,23.7079933,"                                1.650.000,00                             "
ΠΩΛΗΣΗ,Κατοικία,"Καστρί, Νέα Ερυθραία",Κωδ. Ακινήτου: Π803,/property/p803/,"330,00 ",38.0957664,23.8244779,"                                750.000,00                             "
ΠΩΛΗΣΗ,Οικόπεδο,"Μεσσηνίας 6, Διόνυσος",Κωδ. Ακινήτου: Π778,/property/p778/,"800,00 ",38.1086493,23.8866341,"                                200.000,00                             "
ΠΩΛΗΣΗ,Γραφείο,"Δυρραχίου 81, Σεπόλια",Κωδ. Ακινήτου: Π801,/property/p801/,UNK,38.0072889,23.7157951,"                                600.000,00                             "
ΠΩΛΗΣΗ,Κατάσ,"Λεωφόρος Μαραθώνος 25, Πικέρμι",Κωδ. Ακινήτου: Π800,/property/p800/,"2017,00 ",37.9990877,23.9330633,"                                2.300.000,00                             "
ΠΩΛΗΣΗ,Οικόπεδο,"Ξιφιά, Μονεβασιά",Κωδ. Ακινήτου: Π773,/property/p773/,"2875,10 ",36.6404274,23.030156,"                                300.000,00                             "
ΠΩΛΗΣΗ,Διαμέρισμα,"Αχαρνών 372-374, Αγ. Ελευθέριος",Κωδ. Ακινήτου: Π798,/property/p798/,"77,00 ",38.0178676,23.7286207,"                                60.000,00                             "
ΠΩΛΗΣΗ,Κατάσ,"Λεωφόρος Συγγρού 194, Καλλιθέα",Κωδ. Ακινήτου: Π785,/property/p785/,"1001,21 ",37.9553562,23.7142472,"                                1.500.000,00                             "
ΠΩΛΗΣΗ,Αγροχιο,"Θέση ""Φυτιά"" Λίμνης Γυθείου",Κωδ. Ακινήτου: 6566,/property/6566/,"14572,11 ",36.761028,22.563999,
ΠΩΛΗΣΗ,Αγροχιο,"Θέση ""Ζαϊλάκι"" Λίμνης Γυθείου",Κωδ. Ακινήτου: 6565,/property/6565/,UNK,36.761028,22.563999,
ΠΩΛΗΣΗ,Κατάσ,"Λεωφόρος Ηρώων Πολυτεχνείου 58, Πειραιεύς",Κωδ. Ακινήτου: 6176,/property/6176/,"312,90 ",37.9409953,23.645094,
ΠΩΛΗΣΗ,Βιομηχανικό κτήριο,Τοπική Κοινότητα Ταρσινών Δ. Βέλου - Βόχας Κορινθίας,Κωδ. Ακινήτου: 5958,/property/5958/,"599,29 ",37.95570379999999,22.8213172,
ΠΩΛΗΣΗ,Διαμέρισμα,Ελευθερίου Βενιζέλου 9 και Σοφούλη ,Κωδ. Ακινήτου: 5948,/property/5948/,"153,56 ",40.6348717,22.9397346,
ΠΩΛΗΣΗ,Γραφείο,"Λεωφόρος Ελευθερίου Βενιζέλου 152 και Φιλαρέτου 88, Καλλιθέα",Κωδ. Ακινήτου: 5938,/property/5938/,"92,60 ",37.9555019,23.7010204,
ΠΩΛΗΣΗ / ΕΚΜΙΣΘΩΣΗ,Αποθήκη,6ο χλμ. παράλευρης οδού Π.Ε.Ο. Λάρισας - Αθηνών ,Κωδ. Ακινήτου: 5931,/property/5931/,"2743,50 ",39.6413899,22.4357949,
ΠΩΛΗΣΗ,Αγροχιο,Θέση ΦΩΚΙΕΣ Βουβών Ασφένδου,Κωδ. Ακινήτου: 5860,/property/5860/,"16878,00 ",35.2420286,24.2131575,
ΠΩΛΗΣΗ,Οικόπεδο,"Περιοχή ""Βίλα Βικέλα""",Κωδ. Ακινήτου: 5826,/property/5826/,"247,67 ",40.5127297,22.2013306,
,Κατάσ,"Εδέσσης 19 & Καπετάν Άγρα, Συνοικία ""Αγίου Παταπίου""",Κωδ. Ακινήτου: 5825,/property/5825/,"44,10 ",41.0877838,23.5458075,
ΠΩΛΗΣΗ,Κατοικία,Θέση ''Σπηλιά'' Πολύδροσου Παρνασσού,Κωδ. Ακινήτου: 5752,/property/5752/,"89,50 ",38.64038439999999,22.5317205,
ΠΩΛΗΣΗ,Κατοικία,Θέση ''Σπηλιά'' Πολύδροσου Παρνασσού,Κωδ. Ακινήτου: 5751,/property/5751/,"112,26 ",38.64038439999999,22.5317205,
ΠΩΛΗΣΗ,Κατοικία,Θέση ''Σπηλιά'' Πολύδροσου Παρνασσού,Κωδ. Ακινήτου: 5750,/property/5750/,"112,48 ",38.64038439999999,22.5317205,
ΠΩΛΗΣΗ,Κατοικία,Θέση ''Σπηλιά'' Πολύδροσου Παρνασσού,Κωδ. Ακινήτου: 5749,/property/5749/,"88,32 ",38.64038439999999,22.5317205,
ΠΩΛΗΣΗ,Κατοικία,Θέση ''Σπηλιά'' Πολύδροσου Παρνασσού,Κωδ. Ακινήτου: 5748,/property/5748/,"112,28 ",38.64038439999999,22.5317205,
ΠΩΛΗΣΗ,Κατοικία,Θέση ''Σπηλιά'' Πολύδροσου Παρνασσού,Κωδ. Ακινήτου: 5747,/property/5747/,"161,40 ",38.64038439999999,22.5317205,
ΠΩΛΗΣΗ,Κατοικία,"Θέση ''Σπηλιά'', Κοινότητα Πολυδρόσου Παρνασσού",Κωδ. Ακινήτου: 5746,/property/5746/,"123,15 ",38.64038439999999,22.5317205,
ΠΩΛΗΣΗ / ΕΚΜΙΣΘΩΣΗ,Αποθήκη,"Οδός Τομπάζη 5, Θέση ""Κηφισιώτη"", Αχαρναί
",Κωδ. Ακινήτου: 5702,/property/5702/,"1274,50 ",38.09487439999999,23.7460787,
ΠΩΛΗΣΗ,Βιομηχανικό κτήριο,6ο χλμ Θεσσαλονίκης - Ωραιοκάστρου,Κωδ. Ακινήτου: 5701,/property/5701/,"2929,10 ",40.691979,22.943283,
ΠΩΛΗΣΗ,Πολυώροφο κτήριο,"Βυτίνης-Λαρίσης 1 & βοηθητικής Ε.Ο. Αθηνών-Λαμίας, Νέα Φιλαδέλφεια",Κωδ. Ακινήτου: 5699,/property/5699/,"3374,44 ",UNK,UNK,
ΠΩΛΗΣΗ,Οικόπεδο,"Σαρανταπόρου & Πρεβέζης, Ο.Τ. 24 ",Κωδ. Ακινήτου: 5659,/property/5659/,"796,00 ",40.0687986,22.0533346,
ΠΩΛΗΣΗ,Διαμέρισμα,"Ελληνικής Δημοκρατίας 55, Ο.Τ.: 94",Κωδ. Ακινήτου: 5658,/property/5658/,"73,76 ",UNK,UNK,
ΠΩΛΗΣΗ,Κατάσ,Λεωφόρος Εθνικής Αντιστάσεως 88 Καλαμαριά,Κωδ. Ακινήτου: 5614,/property/5614/,"2370,51 ",40.5781553,22.9684576,
ΠΩΛΗΣΗ,Πολυώροφο κτήριο,"Μιλτιάδου Συ Ιερέως & Σ. Λάμπρου, Ο.Τ. 51",Κωδ. Ακινήτου: 5584,/property/5584/,"396,16 ",UNK,UNK,
ΠΩΛΗΣΗ,Θέσεις σταθμεύσεως,"Πολυλά 4-6, Πατήσια, Αθήναι",Κωδ. Ακινήτου: 5583,/property/5583/,"1529,08 ",38.0171412,23.7386541,
,Αποθήκη,"Θέση ""Καπνότοπος"" Πατρίδας Ημαθίας",Κωδ. Ακινήτου: 5573,/property/5573/,"1354,39 ",40.561598,22.1857013,
ΠΩΛΗΣΗ,Βιομηχανικό κτήριο,"27ο χλμ. Εθνικής Οδού Αθηνών Λαμίας θέση ""Τελαρέζα"" Αφιδνών",Κωδ. Ακινήτου: 5565,/property/5565/,"1330,43 ",38.019349,23.7238432,
ΠΩΛΗΣΗ,Κατάσ,Ερμού 23 Αθήναι,Κωδ. Ακινήτου: 5564,/property/5564/,"67,25 ",37.9758931,23.7311424,
ΠΩΛΗΣΗ,Γραφείο,"Τσιμισκή 21, O.T.11",Κωδ. Ακινήτου: 5562,/property/5562/,"36,00 ",40.6343629,22.9401407,
ΠΩΛΗΣΗ,Αποθήκη,Φαραντάτων 35 - Αθήναι,Κωδ. Ακινήτου: 5560,/property/5560/,"214,00 ",37.983383,23.7633532,
ΠΩΛΗΣΗ,Οικόπεδο,Θέση ''Βάκουφα'' οικισμού Λάλουκα ,Κωδ. Ακινήτου: 5552,/property/5552/,"4207,31 ",37.6277616,22.7844734,
ΠΩΛΗΣΗ,Γραφείο,"Κολωνού 12-14α, πλατεία Κουμουνδούρου",Κωδ. Ακινήτου: 5487,/property/5487/,"2415,90 ",37.9827225,23.7224188,
ΠΩΛΗΣΗ,Κατάσ,"Αγίας Σοφίας 96 - 98, Βλαχάβα & Θεοτοκοπούλου",Κωδ. Ακινήτου: 5480,/property/5480/,"144,50 ",40.6389862,22.9510408,
ΠΩΛΗΣΗ,Κατοικία,"Εθνικής Αντιστάσεως 117, Ο.Τ. 917, Συνοικία ''Ανάληψη'', Βόλος",Κωδ. Ακινήτου: 5479,/property/5479/,"116,41 ",39.3633172,22.9619217,
ΠΩΛΗΣΗ,Κατάσ,"Αθηνάς 29, Αθήναι",Κωδ. Ακινήτου: 5478,/property/5478/,"387,60 ",37.9784466,23.7264524,
ΠΩΛΗΣΗ,Βιομηχανικό κτήριο,Εποικισθείσα περιοχή αγροκτος Καλοχωρίου,Κωδ. Ακινήτου: 5475,/property/5475/,"2100,00 ",40.6429179,22.859184,
ΠΩΛΗΣΗ / ΕΚΜΙΣΘΩΣΗ,Βιομηχανικό κτήριο,"Θέση ""ΜΠΟΡ ΜΠΟΝΑΡ"", Νεοχωρούδα, Καλλιθέα Θεσσαλονίκης",Κωδ. Ακινήτου: 5471,/property/5471/,"1056,05 ",40.737378,22.8765958,
ΠΩΛΗΣΗ,Πολυώροφο κτήριο,"Λεωφ. Αθηνών 162 (πρώην Καβάλας), Θέση ""Άνω Λιούμη""",Κωδ. Ακινήτου: 5462,/property/5462/,"1573,80 ",38.0019894,23.6842884,
ΠΩΛΗΣΗ,Πολυώροφο κτήριο," Λ. Αλίμου 13 και Ιωάννη Ρίτσου, Άλιμος",Κωδ. Ακινήτου: 5449,/property/5449/,"1824,80 ",37.9064607,23.7182286,
ΠΩΛΗΣΗ / ΕΚΜΙΣΘΩΣΗ,Κατάσ,"Κροκίου, Λαρίσης και Λαχανά, Βολος",Κωδ. Ακινήτου: 5444,/property/5444/,"194,88 ",39.3618694,22.9355631,
ΠΩΛΗΣΗ,Κατάσ,"Κυδωνιών 22-24 και Ραιδεστού 4-6-8-10, Βύρωνας",Κωδ. Ακινήτου: 5439,/property/5439/,"117,00 ",37.9593856,23.7521039,
ΠΩΛΗΣΗ,Αποθήκη,"Τάκη Περτσεμλή 46, Βύρωνας",Κωδ. Ακινήτου: 5433,/property/5433/,"339,50 ",37.958958,23.7602179,
ΠΩΛΗΣΗ,Γραφείο,"Κλεισθένους 15, Αθήνα",Κωδ. Ακινήτου: 5432,/property/5432/,Β΄οροφος,37.982381,23.7267244,
ΠΩΛΗΣΗ,Κατάσ,"Τσιμισκή 43, Θεσσαλονίκη",Κωδ. Ακινήτου: 5431,/property/5431/,"364,61 ",40.6332517,22.9423998,
ΠΩΛΗΣΗ / ΕΚΜΙΣΘΩΣΗ,Κατάσ,"Συνταγματάρχη Δαβάκη 3-5, θέση ""Βαθύ Ρέμα"" ή ""Διαβολόρεμα"" ή ""Ερυθρός Σταυρός"", περιοχή Ελληνορώσων, Αθήναι ",Κωδ. Ακινήτου: 5428,/property/5428/,"383,00 ",37.9942651,23.7683886,
ΠΩΛΗΣΗ,Πολυώροφο κτήριο,"Αριστοτέλους, Παπαζαχαρίου, Φραγκούδη 11 και Αλεξ. Πάντου, Καλλιθέα",Κωδ. Ακινήτου: 5426,/property/5426/,"3325,35 ",37.9598996,23.7180268,
ΠΩΛΗΣΗ,Βιομηχανικό κτήριο,2ο χλμ Ε.Ο. Λαγκαδά - Θεσσαλονίκης ,Κωδ. Ακινήτου: 5416,/property/5416/,"2241,15 ",40.82347,23.1441558,
ΠΩΛΗΣΗ,Κατάσ,"Οδός Ιωνίας (6ο χλμ. Θεσσαλονίκης - Κατερίνη), Καλοχώρι",Κωδ. Ακινήτου: 5413,/property/5413/,"1504,50 ",40.6466333,22.8492489,
ΠΩΛΗΣΗ,Πολυώροφο κτήριο,"Ευπηρίδων 4, θέση ""ΑγίαΤριάδα"", Καματερό",Κωδ. Ακινήτου: 5409,/property/5409/,"1423,63 ",38.0581036,23.714481,
ΠΩΛΗΣΗ,Αποθήκη,Βαλτινών 8-14 Αθήναι,Κωδ. Ακινήτου: 5393,/property/5393/,"150,00 ",37.9932256,23.742835,
ΠΩΛΗΣΗ,Πολυώροφο κτήριο,"Αριστοτέλους 325, θέση Λαθέα Β, Αχαρναί",Κωδ. Ακινήτου: 5388,/property/5388/,"1195,74 ",38.0833372,23.745471,
ΠΩΛΗΣΗ / ΕΚΜΙΣΘΩΣΗ,Κατάσ,"Μαιζώνος 325, Πατρα",Κωδ. Ακινήτου: 5387,/property/5387/,"888,69 ",38.2350948,21.7269756,
ΠΩΛΗΣΗ,Κατάσ,"Αλεξανδρείας 54 & Πλαταιών, Δάφνη",Κωδ. Ακινήτου: 5385,/property/5385/,"337,64 ",37.9918169,23.7118141,
ΠΩΛΗΣΗ,Κατάσ,"Κωνσταντινουπόλεως 4, Αργυρούπολη",Κωδ. Ακινήτου: 5383,/property/5383/,"604,20 ",37.9012403,23.7471063,
ΠΩΛΗΣΗ,Βιομηχανικό κτήριο,"Θέση ""Περιβόλι - Παππά"" ΒΙ.ΠΕ. Μεγάρων",Κωδ. Ακινήτου: 5381,/property/5381/,"10384,71 ",UNK,UNK,
ΠΩΛΗΣΗ / ΕΚΜΙΣΘΩΣΗ,Πολυώροφο κτήριο,"Κριεζών θέση ""Βούρκος - Μύλοι ή Μασλάτι"", Χαλκίδα",Κωδ. Ακινήτου: 5370,/property/5370/,"960,60 ",38.398894,24.1349699,
ΠΩΛΗΣΗ,Κατοικία,Βαλιμίτικα Αιγίου,Κωδ. Ακινήτου: 5369,/property/5369/,"390,90 ",38.2348236,22.1371417,
ΠΩΛΗΣΗ,Κατάσ,"Κειριάδων 37α, θέση ""Κάτω Πετράλωνα""",Κωδ. Ακινήτου: 3890,/property/3890/,"284,20 ",37.9721309,23.7100491,
ΠΩΛΗΣΗ,Κατάσ,Μητροπόλεως 32 (πρώην 26),Κωδ. Ακινήτου: 3923,/property/3923/,"204,90 ",40.6328657,22.9409782,
ΠΩΛΗΣΗ,Κατάσ,Εθνικής Αντιστάσεως 5 (πρώην Γράμμου Βίτση),Κωδ. Ακινήτου: 3976,/property/3976/,"1112,00 ",40.35,20.7833333,
ΠΩΛΗΣΗ,Κατάσ,Δωδεκανήσου 28 & Πολυτεχνείου,Κωδ. Ακινήτου: 3978,/property/3978/,"222,44 ",40.6366904,22.9363839,
ΠΩΛΗΣΗ,Κατάσ,"Λεωφόρος Ικάρου 52 (50 σύμφωνα με τον τίτλο κτήσεως), ΟΤ 68",Κωδ. Ακινήτου: 3985,/property/3985/,"154,25 ",35.3383762,25.1437259,
ΠΩΛΗΣΗ / ΕΚΜΙΣΘΩΣΗ,Κατάσ,"Βασιλέως Γεωργίου Β΄ 146 (πρώην 142) & Νεόφυτου Παπαναστασίου, Ο.Τ. 143Α",Κωδ. Ακινήτου: 3947,/property/3947/,"382,71 ",UNK,UNK,
ΠΩΛΗΣΗ,Κατάσ,"Θέρμου, Εθνικής Αντιστάσεως και Ανωνύμου, Ο.Τ. 283, Θέση ""Λαγκαδούλα""",Κωδ. Ακινήτου: 3827,/property/3827/,"118,90 ",UNK,UNK,
ΠΩΛΗΣΗ,Διαμέρισμα,"Π. Τσαλδάρη 27, Ο.Τ. Γ146, Αμπελότοποι Αλεξάνδρειας Ημαθίας.",Κωδ. Ακινήτου: 3832,/property/3832/,"41,61 ",40.6301491,22.4362168,
ΠΩΛΗΣΗ,Δικαίωμα Υψούν,"Εγνατίας 7 οικόπεδο 5 στο Ο.Τ. Γ090, Σκύδρα",Κωδ. Ακινήτου: 3847,/property/3847/,"533,96 ",40.7673908,22.1539417,
ΠΩΛΗΣΗ,Οικόπεδο,"Θέση ""Καπνοδόχη"", Μεγαλοχώρι ",Κωδ. Ακινήτου: 3863,/property/3863/,"218,57 ",37.7093576,23.3466705,
ΠΩΛΗΣΗ,Κατοικία,"Θέση Λαρδερά, Δ.Δ. Λαγοπόδου ",Κωδ. Ακινήτου: 3870,/property/3870/,"142,71 ",UNK,UNK,
ΠΩΛΗΣΗ,Κατάσ,"Ολυμπιάδος 96-98-100 & Βλαχάβα 22, Άνω Πόλη ",Κωδ. Ακινήτου: 3874,/property/3874/,"144,48 ",40.63861240000001,22.9524876,
ΠΩΛΗΣΗ,Αποθήκη,"Εγνατίας 7 οικόπεδο 5, Ο.Τ. Γ090",Κωδ. Ακινήτου: 3842,/property/3842/,"88,41 ",40.6399061,22.9367709,
ΠΩΛΗΣΗ,Κατοικία,"Ελευθερίου Βενιζέλου & Σαρανταπόρου, Ο.Τ.157, Κρύα Βρύση ",Κωδ. Ακινήτου: 3871,/property/3871/,"580,68 ",35.483333,24.033333,
ΠΩΛΗΣΗ,Διαμέρισμα,"Θέση ""Αρτ-Ζάχαρη"", Άγιος Ιωάννης Θεολόγος",Κωδ. Ακινήτου: 3720,/property/3720/,"73,13 ",UNK,UNK,
ΠΩΛΗΣΗ,Κατάσ,"Ελευθερίου Βενιζέλου 2 & Μεσολογγίου, οικόπεδο 5 του 
Ο.Τ 31Γ, περιοχή Πρόνοιας",Κωδ. Ακινήτου: 3752,/property/3752/,"224,07 ",37.9599131,23.6972694,
ΠΩΛΗΣΗ,Κατοικία,"Οδυσσέα Ανδρούτσου 2 (πλέον Π. Κατσούλη) & Διογένους, Ο.Τ. 84",Κωδ. Ακινήτου: 3770,/property/3770/,"414,59 ",UNK,UNK,
ΠΩΛΗΣΗ,Αγροχιο,"Θέση Κάτω Χωριό, Στενήμαχος",Κωδ. Ακινήτου: 3773,/property/3773/,"4795,00 ",40.6039359,22.1260041,
ΠΩΛΗΣΗ,Κατοικία,Οικισμός Πενδίου Γοργολαϊνίου,Κωδ. Ακινήτου: 3768,/property/3768/,"225,98 ",35.2,25.016667,
ΠΩΛΗΣΗ,Οικόπεδο,"Οικισμός Δ.Δ. Νεοχωρίου, Δήμος Νεβρόπολης Λίμνης Πλαστήρα Καρδίτσας ",Κωδ. Ακινήτου: 3777,/property/3777/,"3276,56 ",39.2788722,21.730263,
ΠΩΛΗΣΗ,Αγροχιο,Θέση ΛΕΥΚΕΣ Κρήνης,Κωδ. Ακινήτου: 3764,/property/3764/,"18240,00 ",UNK,UNK,
ΠΩΛΗΣΗ,Διαμέρισμα,Κυριακοπούλου 4,Κωδ. Ακινήτου: 3650,/property/3650/,"80,75 ",UNK,UNK,
ΠΩΛΗΣΗ,Διαμέρισμα,"Οικισμός Προφήτη Ηλία, Τέμενος ",Κωδ. Ακινήτου: 3653,/property/3653/,"91,62 ",UNK,UNK,
ΠΩΛΗΣΗ,Οικόπεδο,Οικισμός Άγιος Ιωάννης Θεολόγου,Κωδ. Ακινήτου: 3676,/property/3676/,"3165,09 ",38.651639,23.193155,
ΠΩΛΗΣΗ,Διαμέρισμα,"Αμπέλων 13 (ΠΡΩΗΝ 16), ΟΤ 156Β",Κωδ. Ακινήτου: 3689,/property/3689/,"73,96 ",40.9967256,22.8851379,
ΠΩΛΗΣΗ,Κατάσ,"Κωνσταντινίδη 24, ΟΤ 55, Συνοικισμός Ηλιούπολης, Τσαουσάν Τεπέ, Σταυρούπολη",Κωδ. Ακινήτου: 3675,/property/3675/,"50,00 ",40.6675581,22.927981,
ΠΩΛΗΣΗ,Κατοικία,Κοινότητα Καλλίπολης ΟΤ 39,Κωδ. Ακινήτου: 3661,/property/3661/,"275,60 ",UNK,UNK,
ΠΩΛΗΣΗ,Αποθήκη,Γ. Γεννηματά 160 (πρώην Ορίων),Κωδ. Ακινήτου: 3705,/property/3705/,"194,64 ",UNK,UNK,
ΠΩΛΗΣΗ,Πολυώροφο κτήριο,"ΟΙΚΙΣΜΟΣ ΑΓΙΑΣ ΜΑΡΙΝΑΣ, Δ.Δ. ΜΑΤΑΡΑΓΚΑΣ",Κωδ. Ακινήτου: 3701,/property/3701/,"600,05 ",38.5261331,21.490475,
ΠΩΛΗΣΗ,Διαμέρισμα,"Καποδιστρίου 9 και Καραβαγγέλη, θέση Βίλες Ρέτσου (άλλοτε Ταουσό Τεπέ), Κάτω Ηλιούπολη",Κωδ. Ακινήτου: 3573,/property/3573/,"86,68 ",37.9298588,23.7692328,
ΠΩΛΗΣΗ,Κατάσ,"Μακεδονίας 9 & Μεσολογγίου, Συνοικισμός Κάτω Γέφυρα, Αγ. Αθανάσιος, Ο.Τ. 155, οικόπεδο 982",Κωδ. Ακινήτου: 3584,/property/3584/,"116,16 ",38.0461155,23.7767438,
ΠΩΛΗΣΗ,Κατοικία,"Θέση ""Παπούρα"", Άνω Ζαρός Μοιρών",Κωδ. Ακινήτου: 3595,/property/3595/,"274,26 ",35.1307741,24.9042562,
ΠΩΛΗΣΗ,Οικόπεδο,"Θέση Κάστρο, Ν. Παντελεήμων, Ο.Τ. 28",Κωδ. Ακινήτου: 3600,/property/3600/,"400,00 ",40.0026888,22.5945254,
ΠΩΛΗΣΗ,Κατοικία,"Θέση Αποθήκη ΚΥΔΕΠ, οδός Φιλίππου, Άσσηρος",Κωδ. Ακινήτου: 3629,/property/3629/,"143,88 ",40.8211144,23.0270589,
ΠΩΛΗΣΗ,Αγροχιο,Κτική Περιφέρεια Λαχανιάς επί ττης παλαιάς επαρχιακής οδού Γενναδίου-Λαχανιάς,Κωδ. Ακινήτου: 3619,/property/3619/,"7400,00 ",35.9668621,27.8621122,
ΠΩΛΗΣΗ,Διαμέρισμα,"Τραπεζούντος 24, ΟΤ 8, Αστικός Προσφυγικός Συνοικισμός Λουτρακίου",Κωδ. Ακινήτου: 3576,/property/3576/,"87,00 ",37.9554747,23.6203858,
ΠΩΛΗΣΗ,Διαμέρισμα,"Βενιζέλου 179, Σέρρες",Κωδ. Ακινήτου: 3594,/property/3594/,"73,20 ",41.08663689999999,23.5338434,
ΠΩΛΗΣΗ,Κατοικία,"Αναγεννήσεως 8, ΟΤ Γ22, Πεύκα",Κωδ. Ακινήτου: 3617,/property/3617/,"238,05 ",40.6594583,22.9804831,
ΠΩΛΗΣΗ,Αγροχιο,"Θέση Σχοίνα Λάκκα, περιοχή Κάκαβος",Κωδ. Ακινήτου: 3501,/property/3501/,"15039,60 ",UNK,UNK,
ΠΩΛΗΣΗ,Αγροχιο,"Θέση Σχοίνα Λάκκα, περιοχή Κάκαβος",Κωδ. Ακινήτου: 3502,/property/3502/,"5007,72 ",UNK,UNK,
ΠΩΛΗΣΗ,Διαμέρισμα,"Συνοικισμός Αναρράχης, ΟΤ 12",Κωδ. Ακινήτου: 3513,/property/3513/,"299,34 ",40.4925406,21.5714154,
ΠΩΛΗΣΗ,Κατοικία,Καλαμάκι,Κωδ. Ακινήτου: 3527,/property/3527/,"205,05 ",37.9168548,23.7186146,
ΠΩΛΗΣΗ,Πολυώροφο κτήριο,Δ.Δ. Δυτικού,Κωδ. Ακινήτου: 3536,/property/3536/,"523,98 ",UNK,UNK,
ΠΩΛΗΣΗ,Κατοικία,"Αγ. Νικολάου 46, Οικισμός Σαραβαλίου",Κωδ. Ακινήτου: 3538,/property/3538/,"262,53 ",38.1913457,21.7555898,
ΠΩΛΗΣΗ,Κατάσ,"Ιπποκράτους Μακρή 37, ΟΤ 85, οικόπεδο 928",Κωδ. Ακινήτου: 3544,/property/3544/,"56,94 ",38.0976764,23.9700371,
ΠΩΛΗΣΗ,Κατάσ,"Ιπποκράτους Μακρή 37, ΟΤ 85, οικόπεδο 928",Κωδ. Ακινήτου: 3545,/property/3545/,"61,85 ",38.0976764,23.9700371,
ΠΩΛΗΣΗ,Διαμέρισμα,"Νευροκοπίου 17 και Ιουλιανού, ΟΤ 215",Κωδ. Ακινήτου: 3549,/property/3549/,"80,42 ",37.9916186,23.7290524,
ΠΩΛΗΣΗ,Διαμέρισμα,"Αγίας Σοφίας Θέση ""Πλατάνια"", Ο.Τ. 833, Άγιος Αθανάσιος",Κωδ. Ακινήτου: 3550,/property/3550/,"69,65 ",UNK,UNK,
ΠΩΛΗΣΗ,Οικόπεδο,"Θέση ""Παναγία Τουρλωτή""",Κωδ. Ακινήτου: 3489,/property/3489/,"1776,15 ",38.3733252,26.1253015,
ΠΩΛΗΣΗ,Αγροχιο,"Θέση Βουλωμένο ή Κυπαρίσσι, Δ.Ε. Αιγίου",Κωδ. Ακινήτου: 3494,/property/3494/,"6052,93 ",38.2505451,22.0810942,
ΠΩΛΗΣΗ,Διαμέρισμα,"Πίνδου και Μικράς Ασίας, ΟΤ54",Κωδ. Ακινήτου: 3552,/property/3552/,"136,00 ",UNK,UNK,
ΠΩΛΗΣΗ,Διαμέρισμα,"Πίνδου και Μικράς Ασίας, ΟΤ54",Κωδ. Ακινήτου: 3553,/property/3553/,"59,90 ",UNK,UNK,
ΠΩΛΗΣΗ,Κατοικία,"Θέση ''Μεριά Οικονόμου'', Δ.Δ. Στεφανοβίκειου",Κωδ. Ακινήτου: 3534,/property/3534/,"342,53 ",39.4643265,22.7422667,
ΠΩΛΗΣΗ,Κατοικία,"Θέση ""Τραχιλίτσα"", Σούρπη",Κωδ. Ακινήτου: 3557,/property/3557/,"89,49 ",39.1035523,22.8977818,
ΠΩΛΗΣΗ,Οικόπεδο,"Πλατάνων & Βιολέττας, θέση ''Βαρυκό'', Νέα Παλάτια",Κωδ. Ακινήτου: 3401,/property/3401/,"1232,10 ",UNK,UNK,
ΠΩΛΗΣΗ,Πολυώροφο κτήριο,"Γεωργίου Βιζυηνού 5 & Κομνηνών, Ο.Τ.:5",Κωδ. Ακινήτου: 3404,/property/3404/,"593,81 ",UNK,UNK,
ΠΩΛΗΣΗ,Οικόπεδο,"θέση Οικισμού Σπίτια, Λακκόπετρα",Κωδ. Ακινήτου: 3406,/property/3406/,"1567,80 ",38.1718203,21.45607,
ΠΩΛΗΣΗ,Βιομηχανικό κτήριο,Επαρχιακή οδός Σίνδου - Χαλάστρας,Κωδ. Ακινήτου: 3413,/property/3413/,"2746,61 ",40.6717164,22.8015174,
ΠΩΛΗΣΗ,Διαμέρισμα,"Νέα Χαραυγή Ο.Τ. 39, Α.Τ. 360",Κωδ. Ακινήτου: 3418,/property/3418/,"145,93 ",40.3252194,21.8243827,
ΠΩΛΗΣΗ,Ιδιόμορφο,"Θέση ""Κορρασσανός"" Κορρησίας",Κωδ. Ακινήτου: 3424,/property/3424/,"460,83 ",UNK,UNK,
ΠΩΛΗΣΗ,Διαμέρισμα,Χαρ. Χρυσοπούλου 1,Κωδ. Ακινήτου: 3434,/property/3434/,"61,40 ",UNK,UNK,
ΠΩΛΗΣΗ,Διαμέρισμα,Κιλελέρ Νικαίας,Κωδ. Ακινήτου: 3436,/property/3436/,"80,00 ",39.5623622,22.4648859,
ΠΩΛΗΣΗ,Διαμέρισμα,Κιλελέρ Νίκαιας,Κωδ. Ακινήτου: 3437,/property/3437/,"90,00 ",39.5623622,22.4648859,
ΠΩΛΗΣΗ,Κατάσ,"Τσακάλωφ 10, ΟΤ 80, Κατερίνη",Κωδ. Ακινήτου: 3455,/property/3455/,"102,27 ",40.2753184,22.5066826,
ΠΩΛΗΣΗ,Ιδιόμορφο,"Θέση Κούβα ή Γκούβα, Δρυμός ",Κωδ. Ακινήτου: 3460,/property/3460/,"80,17 ",UNK,UNK,
ΠΩΛΗΣΗ,Διαμέρισμα,"Θεσσαλονίκης 68 (πρώην 104), ΟΤ 288",Κωδ. Ακινήτου: 3475,/property/3475/,"84,80 ",40.6400629,22.9444191,
ΠΩΛΗΣΗ,Διαμέρισμα,"Ανεμώνης 5, Ο.Τ. 184, Περιοχή Ρόδων, Βέροια",Κωδ. Ακινήτου: 3487,/property/3487/,"77,00 ",40.5300007,22.2032017,
ΠΩΛΗΣΗ / ΕΚΜΙΣΘΩΣΗ,Κατάσ,"Πηλέως, Πάριδος 100 & Αχιλλέως 69, ΟΤ 213",Κωδ. Ακινήτου: 3409,/property/3409/,"79,00 ",38.0345429,23.7074771,
ΠΩΛΗΣΗ,Γραφείο,"Μοναστηρίου 137, Χαλκίδος 2 & Γιαννιτσών 88",Κωδ. Ακινήτου: 3430,/property/3430/,"112,75 ",40.6470146,22.9222308,
ΠΩΛΗΣΗ,Κατοικία,Ο.Τ. 39 Οικισμός Θουρίου,Κωδ. Ακινήτου: 3398,/property/3398/,"184,39 ",41.4341444,26.5595791,
ΠΩΛΗΣΗ,Κατοικία,"Θέση ''Παλιός Δρόμος Αμπελόκηπων'', Άργος Ορεστικό",Κωδ. Ακινήτου: 3432,/property/3432/,"428,17 ",40.4527427,21.2587379,
ΠΩΛΗΣΗ,Κατοικία,"Αμισσού περιοχής Ποντιάδος, οικόπεδο 01Νβ, ΟΤ: Γ306, Χρυσούπολη",Κωδ. Ακινήτου: 3478,/property/3478/,"467,92 ",40.9906312,24.6979164,
ΠΩΛΗΣΗ,Διαμέρισμα,"Καλαμπάκας 17, Τσακάλια",Κωδ. Ακινήτου: 3327,/property/3327/,"110,90 ",40.0810774,21.4298827,
ΠΩΛΗΣΗ,Κατάσ,"Αθ. Πανταζίδου & Λοχ. Διαμαντή, ΟΤ33",Κωδ. Ακινήτου: 3341,/property/3341/,"143,55 ",41.5048501,26.53346,
ΠΩΛΗΣΗ,Κατάσ,Λοχαγού Ντανιά 2 & 28ης Οκτωβρίου,Κωδ. Ακινήτου: 3342,/property/3342/,"45,27 ",40.4642528,22.8615875,
ΠΩΛΗΣΗ,Διαμέρισμα,Λοχαγού Ντάνια 2 και 28ης Οκτωβρίου,Κωδ. Ακινήτου: 3343,/property/3343/,"78,26 ",40.4642528,22.8615875,
ΠΩΛΗΣΗ,Διαμέρισμα,"11ης Οκτωβρίου 8, ΟΤ 386",Κωδ. Ακινήτου: 3351,/property/3351/,"95,45 ",40.2992566,21.7933715,
ΠΩΛΗΣΗ,Κατοικία,Συνοικισμός Αγίας Βαρβάρας ,Κωδ. Ακινήτου: 3367,/property/3367/,"229,12 ",UNK,UNK,
ΠΩΛΗΣΗ,Διαμέρισμα,"Μακεδονομάχων 73 (πρώην 53), Ο.Τ. 186",Κωδ. Ακινήτου: 3371,/property/3371/,"127,91 ",40.6761302,22.9132091,
ΠΩΛΗΣΗ,Διαμέρισμα,"Κολοκοτρώνη 19, ΟΤ5",Κωδ. Ακινήτου: 3372,/property/3372/,"155,00 ",UNK,UNK,
ΠΩΛΗΣΗ,Οικόπεδο,Απέλλα Μνησιμάχου & Αγγελικάρα,Κωδ. Ακινήτου: 3382,/property/3382/,"472,00 ",UNK,UNK,
ΠΩΛΗΣΗ,Διαμέρισμα,"Ελευθερίας 4 (πρώην 4η οδού), θέση ""Παλαιά Ραφήνα"", ΟΤ 75",Κωδ. Ακινήτου: 3384,/property/3384/,"120,37 ",38.0234457,24.0059241,
ΠΩΛΗΣΗ,Διαμέρισμα,Σχολείων 2 και Μακεδονομάχου Πύρζα,Κωδ. Ακινήτου: 3389,/property/3389/,"77,40 ",UNK,UNK,
ΠΩΛΗΣΗ,Βιομηχανικό κτήριο,"Υπ΄ αριθ. 757 αγροχιο, Αγρόκ Παλαιού Αγιονερίου Κιλκίς",Κωδ. Ακινήτου: 3391,/property/3391/,"1361,38 ",40.81478269999999,22.728335,
ΠΩΛΗΣΗ,Κατοικία,"Θέση ""Αϊ-Λιάς"" Λιβάδι Παρνασσού",Κωδ. Ακινήτου: 3380,/property/3380/,"158,82 ",38.6047657,22.5545384,
ΠΩΛΗΣΗ,Οικόπεδο,Ο.Τ.:Ε22 εντός Επιχειρηματικού Πάρκου Σπάτων,Κωδ. Ακινήτου: 3241,/property/3241/,"3200,00 ",37.96464080000001,23.9070776,
ΠΩΛΗΣΗ,Οικόπεδο,Ο.Τ.:Ε33 εντός Επιχειρηματικού Πάρκου Σπάτων,Κωδ. Ακινήτου: 3242,/property/3242/,"1000,00 ",37.96464080000001,23.9070776,
ΠΩΛΗΣΗ,Οικόπεδο,Ο.Τ.:Ε33 εντός Επιχειρηματικού Πάρκου Σπάτων,Κωδ. Ακινήτου: 3243,/property/3243/,"1200,09 ",37.96464080000001,23.9070776,
ΠΩΛΗΣΗ,Οικόπεδο,Ο.Τ.:Ε36 εντός Επιχειρηματικού Πάρκου Σπάτων,Κωδ. Ακινήτου: 3244,/property/3244/,"1927,00 ",37.96464080000001,23.9070776,
ΠΩΛΗΣΗ,Οικόπεδο,Ο.Τ.:Ε51 εντός Επιχειρηματικού Πάρκου Σπάτων,Κωδ. Ακινήτου: 3246,/property/3246/,"30296,05 ",37.96464080000001,23.9070776,
ΠΩΛΗΣΗ,Οικόπεδο,Ο.Τ.:Ε57 εντός Επιχειρηματικού Πάρκου Σπάτων,Κωδ. Ακινήτου: 3251,/property/3251/,"8802,32 ",37.96464080000001,23.9070776,
ΠΩΛΗΣΗ,Οικόπεδο,Ο.Τ.:Ε59 εντός Επιχειρηματικού Πάρκου Σπάτων,Κωδ. Ακινήτου: 3252,/property/3252/,"947,84 ",37.96464080000001,23.9070776,
ΠΩΛΗΣΗ,Οικόπεδο,Ο.Τ.:Ε59 εντός Επιχειρηματικού Πάρκου Σπάτων,Κωδ. Ακινήτου: 3253,/property/3253/,"687,59 ",37.96464080000001,23.9070776,
ΠΩΛΗΣΗ,Οικόπεδο,Ο.Τ.:Ε62 εντός Επιχειρηματικού Πάρκου Σπάτων,Κωδ. Ακινήτου: 3255,/property/3255/,"2200,00 ",37.96464080000001,23.9070776,
ΠΩΛΗΣΗ,Οικόπεδο,Ο.Τ.:Ε67 εντός Επιχειρηματικού Πάρκου Σπάτων,Κωδ. Ακινήτου: 3256,/property/3256/,"2407,91 ",37.96464080000001,23.9070776,
ΠΩΛΗΣΗ,Οικόπεδο,Ο.Τ.:Ε67 εντός Επιχειρηματικού Πάρκου Σπάτων,Κωδ. Ακινήτου: 3257,/property/3257/,"2000,00 ",37.96464080000001,23.9070776,
ΠΩΛΗΣΗ,Κατοικία,"Οδός Αλόης, Θέση ""Σωρός"", Άγιος Στέφανος Νέων Παγασών/Αλυκών",Κωδ. Ακινήτου: 3262,/property/3262/,"525,21 ",39.3037532,22.9313372,
ΠΩΛΗΣΗ,Κατάσ,Βαρώνου Χιρς 32,Κωδ. Ακινήτου: 3268,/property/3268/,"244,25 ",40.6128384,22.9602629,
ΠΩΛΗΣΗ,Κατοικία,"Θέση ''Παναγία'' ή ''Λειβάδι'', Κίσσαμος
",Κωδ. Ακινήτου: 3287,/property/3287/,"236,19 ",35.4945873,23.6537459,
ΠΩΛΗΣΗ,Αγροχιο,"Θέση ''Σφετσέικα'', συνοικία Αγ. Γεωργίου, Τσαγκαράδα",Κωδ. Ακινήτου: 3297,/property/3297/,"4269,38 ",39.3876414,23.174311,
ΠΩΛΗΣΗ,Διαμέρισμα,Σουρμένων 6,Κωδ. Ακινήτου: 3301,/property/3301/,"97,00 ",40.6300518,22.9634178,
ΠΩΛΗΣΗ,Κατάσ,"Τσόντου Βάρδα 82 & Απόλλωνος, συνοικία Ταμπαχανέ",Κωδ. Ακινήτου: 3312,/property/3312/,"191,98 ",40.5165525,21.2674188,
ΠΩΛΗΣΗ,Κατοικία,"Αγίου Γεωργίου & Θράκης, Ο.Τ.:59, Καμποχώρι",Κωδ. Ακινήτου: 3240,/property/3240/,"78,70 ",29.6584899,-84.8802444,
ΠΩΛΗΣΗ,Αγροχιο,"Θέση ""Κασίδα""",Κωδ. Ακινήτου: 3219,/property/3219/,"732,65 ",UNK,UNK,
ΠΩΛΗΣΗ,Κατάσ,Αλέξανδρου Παναγούλη 15,Κωδ. Ακινήτου: 3228,/property/3228/,"57,50 ",37.9052056,23.7416581,
ΠΩΛΗΣΗ,Κατοικία,"Δωδώνης 3, θέση ""Μοτσερό"", Ασβεστοχώρι",Κωδ. Ακινήτου: 3231,/property/3231/,"146,49 ",40.63982480000001,23.0203989,
ΠΩΛΗΣΗ,Οικόπεδο,"Θέση Πούρια, κτική περιφέρεια Περιστεράς",Κωδ. Ακινήτου: 3146,/property/3146/,"1771,46 ",UNK,UNK,
ΠΩΛΗΣΗ,Οικόπεδο,Δημοτικό Διαμέρισμα Αδαμίου,Κωδ. Ακινήτου: 3175,/property/3175/,"642,46 ",UNK,UNK,
ΠΩΛΗΣΗ,Γραφείο,"Φίλωνος 131, Λιμάνι-Τρούμπα",Κωδ. Ακινήτου: 3155,/property/3155/,"64,88 ",37.9396555,23.6418897,
ΠΩΛΗΣΗ,Κατοικία,Πεστοί Αγίου Δημητρίου,Κωδ. Ακινήτου: 3148,/property/3148/,"127,90 ",UNK,UNK,
ΠΩΛΗΣΗ,Κατοικία,Θέση Σκάλα,Κωδ. Ακινήτου: 3075,/property/3075/,"214,17 ",UNK,UNK,
ΠΩΛΗΣΗ,Διαμέρισμα,Στρ. Δαβάκη 33 & Αρκαδίου,Κωδ. Ακινήτου: 3077,/property/3077/,"153,00 ",UNK,UNK,
ΠΩΛΗΣΗ,Οικόπεδο,"Οικισμός Τερεζιάνα, Πλάτανος Κισσάμου",Κωδ. Ακινήτου: 3079,/property/3079/,"854,07 ",35.4702826,23.6005323,
ΠΩΛΗΣΗ,Γραφείο,"Πέτρου Ράλλη 248, ΟΤ 47",Κωδ. Ακινήτου: 3090,/property/3090/,"90,70 ",37.969915,23.6503624,
ΠΩΛΗΣΗ,Διαμέρισμα,Ρήγα Φεραίου 8,Κωδ. Ακινήτου: 3123,/property/3123/,"108,00 ",UNK,UNK,
ΠΩΛΗΣΗ,Κατοικία,Χωριό Κρανέα Ολύμπου,Κωδ. Ακινήτου: 3127,/property/3127/,"254,00 ",39.9276764,22.5635655,
ΠΩΛΗΣΗ,Αγροχιο,Θέση Βάλτος Κιάτο,Κωδ. Ακινήτου: 3067,/property/3067/,"2628,70 ",38.0126545,22.750171,
ΠΩΛΗΣΗ,Οικόπεδο,"Θέση Μήλος, Ο.Τ.63, Ο.Τ. 67 κτικής περιφέρειας Μοίρων",Κωδ. Ακινήτου: 3132,/property/3132/,"654,00 ",36.6914464,24.3935655,
ΠΩΛΗΣΗ,Αγροχιο,"Θέση ""Κορίτες"" ή ""Ρέμματα"" Πεταλιδίου",Κωδ. Ακινήτου: 3114,/property/3114/,"35002,15 ",36.9586494,21.9270073,
ΠΩΛΗΣΗ,Δικαίωμα Υψούν,"Καλλικράτιδα 66 & Δερβενακίων,  Άγιος Δημήτριος",Κωδ. Ακινήτου: 3094,/property/3094/,UNK,37.9612708,23.6374723,
ΠΩΛΗΣΗ,Αγροχιο,Θέση Φυλάχτρα ,Κωδ. Ακινήτου: 2988,/property/2988/,"43497,80 ",UNK,UNK,
ΠΩΛΗΣΗ,Κατοικία,6ο Ο.Τ. Κοινότητα Νέας Γωνιάς (απέναντι Μύλους 48),Κωδ. Ακινήτου: 2996,/property/2996/,"169,69 ",40.3620708,23.0935255,
ΠΩΛΗΣΗ,Διαμέρισμα,"Φιλίας 15, θέση ""Φούσκαρη""",Κωδ. Ακινήτου: 3029,/property/3029/,"139,00 ",UNK,UNK,
ΠΩΛΗΣΗ,Αγροχιο,"Επί αγροτικής οδού (συνέχεια οδού Παύλου Μελά), θέση Άγιος Ιωάννης",Κωδ. Ακινήτου: 2913,/property/2913/,"2499,17 ",UNK,UNK,
ΠΩΛΗΣΗ,Διαμέρισμα,"Θέση ""Άθωνας ή Παπαρούνα""",Κωδ. Ακινήτου: 2924,/property/2924/,"96,90 ",UNK,UNK,
ΠΩΛΗΣΗ,Αγροχιο,Θέση ''Μπόρδια'' Γουβών Πεδιάδος,Κωδ. Ακινήτου: 2929,/property/2929/,"2755,18 ",35.3353072,25.1360759,
ΠΩΛΗΣΗ,Διαμέρισμα,Ευαγγελιστρίας 100,Κωδ. Ακινήτου: 2955,/property/2955/,"84,20 ",37.072295,22.4238263,
ΠΩΛΗΣΗ,Κατάσ,"Μελενίκου 29 & Ρήγα Φεραίου, περιοχή Βούλγαρη",Κωδ. Ακινήτου: 2952,/property/2952/,"74,00 ",40.6341522,22.9543276,
ΠΩΛΗΣΗ,Αγροχιο,Θέση Πύργος ,Κωδ. Ακινήτου: 2891,/property/2891/,"4000,74 ",37.6718487,21.4432257,
ΠΩΛΗΣΗ,Διαμέρισμα,"Θέση ""Άθωνας ή Παπαρούνα""",Κωδ. Ακινήτου: 2810,/property/2810/,"162,54 ",UNK,UNK,
ΠΩΛΗΣΗ,Διαμέρισμα,Λεωφόρος Αθηνών - Σουνίου 15,Κωδ. Ακινήτου: 2813,/property/2813/,"94,30 ",37.7235524,23.9455527,
ΠΩΛΗΣΗ,Διαμέρισμα,Λεωφόρος Αθηνών - Σουνίου 15,Κωδ. Ακινήτου: 2814,/property/2814/,"94,30 ",37.7235524,23.9455527,
ΠΩΛΗΣΗ,Αγροχιο,Θέση ΧΩΝΙ Λουτρακίου,Κωδ. Ακινήτου: 2855,/property/2855/,"27707,20 ",37.9759033,22.9774589,
ΠΩΛΗΣΗ,Βιομηχανικό κτήριο,"Θέση ""Καλύβια ή Καμίνια"" Καλλιθέας",Κωδ. Ακινήτου: 2854,/property/2854/,"2398,15 ",38.4250574,23.8980861,
ΠΩΛΗΣΗ,Οικόπεδο,Σχολείο Πάγων,Κωδ. Ακινήτου: 2693,/property/2693/,"4000,00 ",UNK,UNK,
ΠΩΛΗΣΗ,Βιομηχανικό κτήριο,Νέα Τρίγλια Νέας Προποντίδος,Κωδ. Ακινήτου: 2706,/property/2706/,"1238,25 ",40.3062929,23.2071052,
ΠΩΛΗΣΗ,Οικόπεδο,"Ιουλιανού 3, Ο.Τ. 403 Κουκουβάουνες, Μεγάλο Πεύκο Μερφωσης",Κωδ. Ακινήτου: 2721,/property/2721/,"226,00 ",38.0577277,23.767925,
ΠΩΛΗΣΗ,Κατάσ,Εβραΐδος 16,Κωδ. Ακινήτου: 2740,/property/2740/,"74,23 ",40.5180056,21.2704421,
ΠΩΛΗΣΗ,Οικόπεδο,Θέση Λυγιά,Κωδ. Ακινήτου: 2752,/property/2752/,"382,12 ",38.7863109,20.721172,
ΠΩΛΗΣΗ,Αγροχιο,Χωριό Γέφυρα,Κωδ. Ακινήτου: 2754,/property/2754/,"16626,00 ",36.389895,-93.90888199999999,
ΠΩΛΗΣΗ,Κατάσ,"Κοκκώνη 22 (πρώην Νικομήδειας), θέση Κεφαλάρι, ΟΤ 73",Κωδ. Ακινήτου: 2788,/property/2788/,"58,50 ",37.948612,23.722907,
ΠΩΛΗΣΗ,Αποθήκη,"Κοκκώνη 22 (πρώην Νικομήδειας), θέση Κεφαλάρι, ΟΤ 73",Κωδ. Ακινήτου: 2787,/property/2787/,"72,00 ",37.948612,23.722907,
ΠΩΛΗΣΗ,Αποθήκη,"Κοκκώνη 22 (πρώην Νικομήδειας), θέση Κεφαλάρι, ΟΤ 73",Κωδ. Ακινήτου: 2789,/property/2789/,"88,00 ",37.948612,23.722907,
ΠΩΛΗΣΗ,Κατοικία,47ο Ο.Τ. Νέα Τρίγλια,Κωδ. Ακινήτου: 2737,/property/2737/,"340,62 ",40.5,23.333333,
ΠΩΛΗΣΗ,Αγροχιο,"Θέση ''Κουτσουρογλιά'', Παστίδα, Μερίδα Γαιών  456 Παστίδας Ρόδου",Κωδ. Ακινήτου: 2790,/property/2790/,"4941,00 ",36.3835853,28.1303738,
ΠΩΛΗΣΗ,Πολυώροφο κτήριο,"Θέμου Κορνάρου 2, θέση ΜΠΕΝΤΕΒΗ ΚΑΜΑΡΑ",Κωδ. Ακινήτου: 2764,/property/2764/,"478,68 ",35.3219621,25.1405468,
ΠΩΛΗΣΗ,Βιομηχανικό κτήριο,"Συνοικισμός Κρηστώνης, ΟΤ 8",Κωδ. Ακινήτου: 2617,/property/2617/,"388,00 ",UNK,UNK,
ΠΩΛΗΣΗ,Οικόπεδο,"Πάροδος οδού Γαλάνη, Αγρίνιο (σύμφωνα με τίτλο Γαλάνη 15)",Κωδ. Ακινήτου: 2629,/property/2629/,"101,10 ",38.6268294,21.4066184,
ΠΩΛΗΣΗ,Κατοικία,"Θέση ""Τάχερη"" Μοιρών",Κωδ. Ακινήτου: 2641,/property/2641/,"398,00 ",UNK,UNK,
ΠΩΛΗΣΗ,Αγροχιο,Κατάλακτος Σπαρτιών,Κωδ. Ακινήτου: 2660,/property/2660/,"3149,35 ",UNK,UNK,
ΠΩΛΗΣΗ,Βιομηχανικό κτήριο,"Θέση Αγία Κυριακή, Διδυμότειχου",Κωδ. Ακινήτου: 2683,/property/2683/,"1130,25 ",41.3476492,26.4956372,
ΠΩΛΗΣΗ,Κατοικία,"Ανώνυμη δημοτική οδός 17, θέση Κονάκι, Μοίρες Ηρακλείου, ΟΤ 158, οι οδοί θα ονομαστούν Αδάμη Αδαμάκη και Αγίου Αντωνίου 13",Κωδ. Ακινήτου: 2684,/property/2684/,"332,87 ",35.0515319,24.8730367,
ΠΩΛΗΣΗ,Αγροχιο,"Αγρόκ Σταυρού, πρώην κοινότητα Σταυρού Λαγκαδά Θεσσαλονίκης",Κωδ. Ακινήτου: 2638,/property/2638/,"1700,00 ",40.82347,23.1441558,
ΠΩΛΗΣΗ,Οικόπεδο,Θέση Κούρτη-Αγία Μαρίνα,Κωδ. Ακινήτου: 2676,/property/2676/,"4070,35 ",UNK,UNK,
ΠΩΛΗΣΗ,Κατοικία,Θέση Πύργος (αγρο128) Φωλέα Παγγαίου,Κωδ. Ακινήτου: 2635,/property/2635/,"158,65 ",40.743831,24.1379371,
ΠΩΛΗΣΗ,Αγροχιο,Θέση Μαντζουράνη Βαρθολομιού,Κωδ. Ακινήτου: 2645,/property/2645/,"10920,00 ",37.8611008,21.208014,
ΠΩΛΗΣΗ,Αγροχιο,"Θέση ""Τζανε Πεύκο"", Παλιούριο",Κωδ. Ακινήτου: 2637,/property/2637/,"20097,32 ",UNK,UNK,
ΠΩΛΗΣΗ,Αγροχιο,"Τέλος οδού Ποσειδώνος, Θέση Φανός, Κάλαμος Αττικής",Κωδ. Ακινήτου: 2538,/property/2538/,"4367,00 ",38.291454,23.881156,
ΠΩΛΗΣΗ,Κατοικία,Θέση Ρινούλα Μαμουλάδας Ναυπάκτου,Κωδ. Ακινήτου: 2541,/property/2541/,"185,51 ",38.4558897,21.7947841,
ΠΩΛΗΣΗ,Αποθήκη,"Περγάμου 10 & Αϊδινίου, Ο.Τ. 49, Κάτω Τούμπα ",Κωδ. Ακινήτου: 2548,/property/2548/,"240,00 ",40.6710785,22.9299695,
ΠΩΛΗΣΗ,Αποθήκη,Ιπποκράτους 8 & Αραβύσσου 9 (νυν Γεννηματά),Κωδ. Ακινήτου: 2575,/property/2575/,"386,00 ",37.9822257,23.7346348,
ΠΩΛΗΣΗ,Διαμέρισμα,"Παπαγιαννοπούλου 16, Μαυροχώρι Καστοριάς",Κωδ. Ακινήτου: 2572,/property/2572/,"75,22 ",40.51236919999999,21.3212608,
ΠΩΛΗΣΗ,Διαμέρισμα,"Παπαγιαννοπούλου 16, Μαυροχώρι Καστοριάς",Κωδ. Ακινήτου: 2573,/property/2573/,"86,06 ",40.51236919999999,21.3212608,
ΠΩΛΗΣΗ,Διαμέρισμα,"Παπαγιαννοπούλου 16, Μαυροχώρι Καστοριάς",Κωδ. Ακινήτου: 2574,/property/2574/,"75,20 ",40.51236919999999,21.3212608,
ΠΩΛΗΣΗ,Αγροχιο,"Θέση ""Βένιζα - Ζαπάνι"" Ο.Τ. 1009 εντός του ΒΙΟ.ΠΑ. Κερατέας",Κωδ. Ακινήτου: 2605,/property/2605/,"2415,80 ",38.0849838,23.2688391,
ΠΩΛΗΣΗ,Αγροχιο,Θέση Σούνθι Περαχώρα Λουτράκι,Κωδ. Ακινήτου: 2539,/property/2539/,"4204,10 ",37.6503695,24.0271194,
ΠΩΛΗΣΗ,Γραφείο,Ηλιουπόλεως 44 & Κάρπου,Κωδ. Ακινήτου: 2581,/property/2581/,"120,00 ",37.9584866,23.7378815,
ΠΩΛΗΣΗ,Οικόπεδο,"Καλλιπόλεως και Αρίωνος, Ο.Τ.:563, Ο.Τ.:565 θέση ""Μεσοβάρδα-Βούρβα"" οικισμού Γαλήνης Αρδος ",Κωδ. Ακινήτου: 2585,/property/2585/,"795,49 ",37.9998341,24.0193582,
ΠΩΛΗΣΗ,Αγροχιο,"Θέση ""Φεγγιά""",Κωδ. Ακινήτου: 2592,/property/2592/,"4592,00 ",UNK,UNK,
ΠΩΛΗΣΗ,Οικόπεδο,"Θέση ""Κρόϊ"" Μύλων Λέρνης",Κωδ. Ακινήτου: 2476,/property/2476/,"5872,62 ",UNK,UNK,
ΠΩΛΗΣΗ,Αγροχιο,Θέση Αγροτικές Δομένικο Ελασσόνας,Κωδ. Ακινήτου: 2492,/property/2492/,"5010,00 ",39.7921183,22.1207589,
ΠΩΛΗΣΗ,Οικόπεδο,Θέση Αγία Παρασκευή,Κωδ. Ακινήτου: 2493,/property/2493/,"2520,00 ",38.0135829,23.8218079,
ΠΩΛΗΣΗ,Αγροχιο,Θέση Τσαϊρια,Κωδ. Ακινήτου: 2495,/property/2495/,"6250,00 ",UNK,UNK,
ΠΩΛΗΣΗ,Οικόπεδο,Ο.Τ. 49 Λιποχωρίου,Κωδ. Ακινήτου: 2497,/property/2497/,"6682,07 ",UNK,UNK,
ΠΩΛΗΣΗ,Βιομηχανικό κτήριο,"Μακεδονίας 81 (δημοτική οδός Ντερνέκι-Νέας Λάμψακου), περιοχή ""Αμπέλια"" Μύτικα Ληλαντίου",Κωδ. Ακινήτου: 2510,/property/2510/,"749,28 ",40.8176812,22.8527142,
ΠΩΛΗΣΗ,Βιομηχανικό κτήριο,"Β.Τ.10, ΒΙ.ΠΕ. Λαρίσης, Μακρυχώρι",Κωδ. Ακινήτου: 2512,/property/2512/,"994,48 ",39.8037641,22.4914418,
ΠΩΛΗΣΗ,Αγροχιο,Θέση Μαυρόγια Δομένικος Ελασσόνας,Κωδ. Ακινήτου: 2486,/property/2486/,"6500,00 ",39.7921183,22.1207589,
ΠΩΛΗΣΗ,Αγροχιο,Θέση Αλμύρες Δομένικος Ελασσόνας,Κωδ. Ακινήτου: 2491,/property/2491/,"2747,00 ",39.7921183,22.1207589,
ΠΩΛΗΣΗ,Βιομηχανικό κτήριο,"Αγρόκ Σταυροχωρίου, ΒΙ.ΠΕ. Κιλκίς",Κωδ. Ακινήτου: 2507,/property/2507/,"1205,94 ",41.0499158,22.7891441,
ΠΩΛΗΣΗ,Οικόπεδο,22ας Μαϊου,Κωδ. Ακινήτου: 2371,/property/2371/,"272,60 ",UNK,UNK,
ΠΩΛΗΣΗ,Οικόπεδο,Θέση Άγιος Παύλος Νέας Προποντίδος ,Κωδ. Ακινήτου: 2400,/property/2400/,"11213,74 ",40.340642,23.0611592,
ΠΩΛΗΣΗ,Βιομηχανικό κτήριο,"Θέση ""Γκουριώνα"" ή ""Οντάθι"" Δροσιάς ",Κωδ. Ακινήτου: 2249,/property/2249/,"1124,40 ",38.4842649,23.5472227,
ΠΩΛΗΣΗ,Αποθήκη,"Ιωσήφ Χατζηδάκη 5, Αχαρνών",Κωδ. Ακινήτου: 2248,/property/2248/,"999,83 ",38.0984528,23.729447,
ΠΩΛΗΣΗ,Βιομηχανικό κτήριο,Ρόκα και Αντιγόνης Μαγούλα,Κωδ. Ακινήτου: 2246,/property/2246/,"926,88 ",38.0718578,23.5214976,
ΠΩΛΗΣΗ,Κατάσ,"Ε.Ο. Πατρών - Πύργου & Ακτής Δυμαίων 110, Θέση ""Κρύα Ιτέων"", Πάτρα",Κωδ. Ακινήτου: 2244,/property/2244/,"3278,88 ",37.6767326,21.4306796,
ΠΩΛΗΣΗ,Διαμέρισμα,"Ασημάκη Φωτήλα 18, Αίγιο",Κωδ. Ακινήτου: 2241,/property/2241/,"133,00 ",38.2502109,22.0892492,
ΠΩΛΗΣΗ / ΕΚΜΙΣΘΩΣΗ,Κατάσ,"Θέση ""ΚΑΜΠΟΣ"", Άσσος - Λέχαιο",Κωδ. Ακινήτου: 2239,/property/2239/,"1061,72 ",37.9256229,22.8284261,
ΠΩΛΗΣΗ,Γραφείο,"Σαχτούρη 12, Πειραιεύς",Κωδ. Ακινήτου: 2235,/property/2235/,"103,18 ",37.9382439,23.6407671,
ΠΩΛΗΣΗ,Πολυώροφο κτήριο,"Αισχύλου 39, θέση ""Αλώνια"" Ελευσίνα",Κωδ. Ακινήτου: 2234,/property/2234/,"413,24 ",38.0410141,23.5429938,
ΠΩΛΗΣΗ,Πολυώροφο κτήριο,"Οδός Καλλιγά, θέση ""Πεδίο Άρεως' ή ""Μπουμπουλήθρες"", Βόλος",Κωδ. Ακινήτου: 2227,/property/2227/,"1922,30 ",37.991845,23.7436907,
ΠΩΛΗΣΗ,Βιομηχανικό κτήριο,"Θέση ""Αγία Άννα"" Ταύρου ",Κωδ. Ακινήτου: 2212,/property/2212/,"6165,12 ",37.9717925,23.6956736,
ΠΩΛΗΣΗ,Πολυώροφο κτήριο,Ιατρού Παπαγιάννη (πρώην Βρυούλων) & Αθηνάς,Κωδ. Ακινήτου: 2211,/property/2211/,"1337,89 ",38.0731362,23.501068,
ΠΩΛΗΣΗ,Κατάσ,Σελήνης 2 Ηράκλειο Αττικής,Κωδ. Ακινήτου: 2210,/property/2210/,"299,28 ",38.0416027,23.7655237,
ΠΩΛΗΣΗ,Οικόπεδο,"Θεοδώρου Θάνου 48, θέση"" Βίντζι"" Ο.Τ. 270",Κωδ. Ακινήτου: 2206,/property/2206/,"670,21 ",37.9095673,23.8720944,
ΠΩΛΗΣΗ,Πολυώροφο κτήριο,"Γεωργίου Καράπαπα (πρώην Δ. Σταϊκου) και Φλώρας Καράπαπα (πρώην Θ. Μπουκογιάννη), Αγρίνιο",Κωδ. Ακινήτου: 2192,/property/2192/,"232,88 ",38.6272632,21.4094952,
ΠΩΛΗΣΗ,Κατοικία,"Επαρχιακή οδός Επανομής-Ν. Ηράκλειας, θέση Αμμούδες Επανομής",Κωδ. Ακινήτου: 2188,/property/2188/,"245,50 ",40.4289764,22.9304174,
ΠΩΛΗΣΗ / ΕΚΜΙΣΘΩΣΗ,Γραφείο,"26ης Οκτωβρίου 90, Νικηφόρου Ουρανού 15 & Μινωταύρου θέση ""ΣΦΑΓΕΙΑ"", Ο.Τ  5",Κωδ. Ακινήτου: 2185,/property/2185/,"48,40 ",40.6438753,22.9141843,
ΠΩΛΗΣΗ,Βιομηχανικό κτήριο,"Επαρχιακή οδός, θέση ""Ποά"" ή ""Φυλάκιον 17"" Άγιος Γεώργιος, Βελεστίνο, Φερρές",Κωδ. Ακινήτου: 2183,/property/2183/,"4355,10 ",39.3809141,22.7451966,
ΠΩΛΗΣΗ,Βιομηχανικό κτήριο,"Θέση ""Μέλλου"" ή ""Αγιος Νικόλαος"" Άργους",Κωδ. Ακινήτου: 2182,/property/2182/,"3002,84 ",37.6351721,22.7288576,
ΠΩΛΗΣΗ,Βιομηχανικό κτήριο,"Θέση ""Ντράσεζα"" Αυλώνος ",Κωδ. Ακινήτου: 2168,/property/2168/,"1739,62 ",38.2509637,23.6954977,
ΠΩΛΗΣΗ,Κατάσ,"Αγίου Μελετίου 58, θέση ""Σταθμός Λεβίδου"", Αθήναι",Κωδ. Ακινήτου: 2148,/property/2148/,"158,16 ",38.00029440000001,23.7328201,
ΠΩΛΗΣΗ,Κατοικία,"Αγίου Δημητρίου & Θεμιστοκλέους, Οικισμός Δημοτικής Ενότητας Πλαγιαρίου, Ο.Τ. 40",Κωδ. Ακινήτου: 2135,/property/2135/,"225,00 ",37.93572109999999,23.7295198,
ΠΩΛΗΣΗ,Βιομηχανικό κτήριο,"Αγροτική οδός (πλησίον αεροδρομίου ΣΕΔΕΣ), Θέρμη ",Κωδ. Ακινήτου: 2116,/property/2116/,"745,00 ",40.53874940000001,23.0180705,
ΠΩΛΗΣΗ,Πολυώροφο κτήριο,"Αλαμάνας 37, θέση ""Ρέμα"", Παλλήνη",Κωδ. Ακινήτου: 2115,/property/2115/,"1971,08 ",37.9962337,23.8879421,
ΠΩΛΗΣΗ,Κατάσ,"Λεωφόρος Αθηνών-Πειραιώς 83 & Καστανίτσης,
Ο.Τ. 36, Καμίνια ",Κωδ. Ακινήτου: 2114,/property/2114/,"2396,64 ",37.9507181,23.6612081,
ΠΩΛΗΣΗ,Βιομηχανικό κτήριο,"Επί των οδών ΔΑ16 & ΝΒ6, Ο.Τ. 35, Β΄ΦΑΣΗ ΒΙ.ΠΕ. Θεσσαλονίκης",Κωδ. Ακινήτου: 2113,/property/2113/,"5062,99 ",UNK,UNK,
ΠΩΛΗΣΗ,Βιομηχανικό κτήριο,"Ανώνυμη δημοτική οδός, θέση ""Ερημίτσα"", οικισμός ""Στρογγυλαίικα"", Αγρίνιο",Κωδ. Ακινήτου: 2111,/property/2111/,"2513,71 ",38.5886365,21.4202042,
ΠΩΛΗΣΗ,Κατοικία,"Κανάρη 8, Ο.Τ.148 θέση ""ΜΠΙΖΑΝΗ"" Κερατέας",Κωδ. Ακινήτου: 2107,/property/2107/,"294,04 ",37.9769916,23.738966,
ΠΩΛΗΣΗ,Κατάσ,"Αγίου Δημητρίου και Λεωφόρου Μαραθώνος 37, Άνοιξη",Κωδ. Ακινήτου: 2106,/property/2106/,"521,22 ",38.1289392,23.8572817,
ΠΩΛΗΣΗ,Κατοικία,"Κανάρη 8, Ο.Τ.148 θέση ""ΜΠΙΖΑΝΗ"" Κερατέας",Κωδ. Ακινήτου: 2105,/property/2105/,"299,40 ",37.9769916,23.738966,
ΠΩΛΗΣΗ,Αποθήκη,"Δημοτική Οδός Θεσσαλονίκης - Θέρμης, Θέρμη ",Κωδ. Ακινήτου: 2099,/property/2099/,"746,46 ",40.5485201,23.019646,
ΠΩΛΗΣΗ,Αποθήκη,"Δημοτική Οδός Θεσσαλονίκης - Θέρμης, Θέρμη ",Κωδ. Ακινήτου: 2098,/property/2098/,"746,46 ",40.5485201,23.019646,
ΠΩΛΗΣΗ,Πολυώροφο κτήριο,"Οδός Νοεμής Νταέλ 8, θέση ""Περιβόλια"" Ταμπάχανα Βαθέος Σάμου",Κωδ. Ακινήτου: 2097,/property/2097/,"808,53 ",37.7505488,26.9765823,
ΠΩΛΗΣΗ,Βιομηχανικό κτήριο,"Β΄Πάροδος Ολύμπου, Καλοχώρι Θεσσαλονίκης",Κωδ. Ακινήτου: 2096,/property/2096/,"4115,94 ",40.6490809,22.8647653,
ΠΩΛΗΣΗ,Βιομηχανικό κτήριο,Οδός Β1 Ο.Τ. 4 ΒΙ.ΠΕ. ΠΑΤΡΩΝ,Κωδ. Ακινήτου: 2095,/property/2095/,"2134,40 ",38.2466395,21.734574,
ΠΩΛΗΣΗ,Βιομηχανικό κτήριο,"Θέση ""Μαύρη Πέτρα"" Ωραιοκάστρου",Κωδ. Ακινήτου: 2092,/property/2092/,"7681,43 ",40.7285713,22.9184161,
ΠΩΛΗΣΗ,Γραφείο,"Λεωφόρος Κωνσταντίνου Καραμανλή 145, Θεσσαλονίκη",Κωδ. Ακινήτου: 2091,/property/2091/,"51,15 ",40.60284,22.9644337,
ΠΩΛΗΣΗ,Γραφείο,"Λεωφόρος Κωνσταντίνου Καραμανλή 145, Θεσσαλονίκη",Κωδ. Ακινήτου: 2090,/property/2090/,"45,01 ",40.60284,22.9644337,
ΠΩΛΗΣΗ,Γραφείο,"Λεωφόρος Κωνσταντίνου Καραμανλή 145, Θεσσαλονίκη",Κωδ. Ακινήτου: 2089,/property/2089/,"49,18 ",40.60284,22.9644337,
ΠΩΛΗΣΗ,Γραφείο,Λεωφόρος Κωνσταντίνου Καραμανλή 145 Θεσσαλονίκη,Κωδ. Ακινήτου: 2088,/property/2088/,"286,84 ",40.60284,22.9644337,
ΠΩΛΗΣΗ,Θέσεις σταθμεύσεως,"Λεωφόρος Κωνσταντίνου Καραμανλή 145, Θεσσαλονίκη",Κωδ. Ακινήτου: 2087,/property/2087/,"12,74 ",40.60284,22.9644337,
ΠΩΛΗΣΗ,Θέσεις σταθμεύσεως,Λεωφόρος Κωνσταντίνου Καραμανλή 145,Κωδ. Ακινήτου: 2086,/property/2086/,"14,00 ",40.60284,22.9644337,
ΠΩΛΗΣΗ,Βιομηχανικό κτήριο,Θερμαϊκού 58 Ευκαρπία,Κωδ. Ακινήτου: 2084,/property/2084/,"4449,51 ",40.6988705,22.9311529,
ΠΩΛΗΣΗ,Κατάσ,"Νικηφόρου Νικηφορίδη (πρώην Βασιλέως Κωνσταντίνου) 38-40, Βύρωνας",Κωδ. Ακινήτου: 2081,/property/2081/,"66,75 ",37.96446,23.7539449,
ΠΩΛΗΣΗ,Διαμέρισμα,"Βελεστίνου 25 & Ακροπόλεως 10,Προσφυγικός Συνοικισμός Καραβά Β', Νίκαια Ο.Τ. 89",Κωδ. Ακινήτου: 2078,/property/2078/,"57,00 ",37.9654663,23.6323835,
ΠΩΛΗΣΗ,Κατάσ,"Σολωμού 20, Εξαρχεια, Αθήναι",Κωδ. Ακινήτου: 2077,/property/2077/,"375,78 ",37.9866083,23.7331545,
ΠΩΛΗΣΗ,Κατάσ,"Πλάτωνος 7, θέση ""Ελαιοτριβεία"", Αθήναι",Κωδ. Ακινήτου: 2076,/property/2076/,"285,41 ",37.9850419,23.7143517,
ΠΩΛΗΣΗ,Πολυώροφο κτήριο,"Φιλολάου 46, Παγκράτι Αθήναι",Κωδ. Ακινήτου: 2075,/property/2075/,"361,23 ",37.9659631,23.7509569,
ΠΩΛΗΣΗ,Κατάσ,"Μεγάλου Αλεξάνδρου 5, Καρδίτσα",Κωδ. Ακινήτου: 2073,/property/2073/,"163,20 ",39.364038,21.9217045,
ΠΩΛΗΣΗ,Κατάσ,"Ελευθερίου Βενιζέλου 122, Ο.Τ. 196 Ζώνη Β΄  ",Κωδ. Ακινήτου: 2072,/property/2072/,"278,62 ",UNK,UNK,
ΠΩΛΗΣΗ,Αποθήκη,"6,5 χλμ Εθνικής Οδού Θεσσαλονίκης-Λαγκαδά, Ευκαρπία",Κωδ. Ακινήτου: 2068,/property/2068/,"4048,39 ",40.6883975,22.9431571,
ΠΩΛΗΣΗ,Διαμέρισμα,"Μεθοδίου 50, Ο.Τ. 758, θέση Παλατιανή ή Άσπρα Χώματα",Κωδ. Ακινήτου: 2065,/property/2065/,"98,00 ",38.0284199,23.6936895,
ΠΩΛΗΣΗ,Κατοικία,"Αθανασίου Διάκου 13-15, Ο.Τ.:94 (πρώην Ο.Τ.:110), ΦΙΛΟΘΕΗ",Κωδ. Ακινήτου: 2061,/property/2061/,"1280,13 ",38.0259796,23.7732497,
ΠΩΛΗΣΗ,Αποθήκη,"Θέση ""Αλεπότρυπες"" Σαραβαλίου",Κωδ. Ακινήτου: 2060,/property/2060/,"977,50 ",38.191599,21.7550089,
ΠΩΛΗΣΗ,Διαμέρισμα,"Διονυσίου Πύρρου 26 (πρώην Ιλίδος 22), Ο.Τ 80104, συνοικισμός ""Κόκκινα Χώματα"" Αμπελόκηποι Γουδή",Κωδ. Ακινήτου: 2036,/property/2036/,"69,50 ",37.9864185,23.7679469,
ΠΩΛΗΣΗ,Αγροχιο,"Θέση ""Μνήμα Κατή"" στο Βαθύ Αυλίδος",Κωδ. Ακινήτου: 2035,/property/2035/,"12608,68 ",38.3932385,23.5017062,
ΠΩΛΗΣΗ,Διαμέρισμα,"Τζαβέλα 113, Νίκαια",Κωδ. Ακινήτου: 2028,/property/2028/,"96,33 ",37.964533,23.639113,
ΠΩΛΗΣΗ,Διαμέρισμα,"Λακωνίας 2 & Δόξης 1, Αγία Βαρβάρα ",Κωδ. Ακινήτου: 2027,/property/2027/,"69,36 ",36.5070555,23.062743,
ΠΩΛΗΣΗ,Κατοικία,"Θέση Λειβαδάκι, Ο.Τ. 253",Κωδ. Ακινήτου: 2019,/property/2019/,"179,67 ",UNK,UNK,
ΠΩΛΗΣΗ / ΕΚΜΙΣΘΩΣΗ,Πολυώροφο κτήριο,"Σουλίου και Βαλτετσίου, θέση ""Κοντόπευκο"", Αγία Παρασκευή",Κωδ. Ακινήτου: 2014,/property/2014/,"624,96 ",38.0134424,23.8163428,
ΠΩΛΗΣΗ,Γραφείο,"Ολυμπίου Διαμαντή 20, Θεσσαλονίκη",Κωδ. Ακινήτου: 2012,/property/2012/,"258,87 ",40.6371751,22.9356946,
ΠΩΛΗΣΗ,Κατοικία,"Αγίου Γεωργίου 38, θέση ""Αγία Παρασκευή"" Ο.Τ.Δ200",Κωδ. Ακινήτου: 2007,/property/2007/,"108,74 ",38.0135829,23.8218079,
ΠΩΛΗΣΗ,Κατάσ,"Βουκουρεστίου 50 & Τσακάλωφ, Κολωνάκι",Κωδ. Ακινήτου: 2003,/property/2003/,"240,30 ",37.9792184,23.7395318,
ΠΩΛΗΣΗ,Κατάσ,"Στρατηγού Δαγκλή 117, θέση ""Άγιος Δημήτριος - Όπλα"", Κάτω Πατήσια, Αθήνα",Κωδ. Ακινήτου: 1998,/property/1998/,"74,90 ",38.0144697,23.7257784,
ΠΩΛΗΣΗ,Διαμέρισμα,"Αμαρουσίου 12 (πρώην Μαγκουφάνας 10), Ο.Τ. 245Α, ΗΡΑΚΛΕΙΟ ",Κωδ. Ακινήτου: 1989,/property/1989/,"124,82 ",38.06251719999999,23.7946578,
ΠΩΛΗΣΗ / ΕΚΜΙΣΘΩΣΗ,Κατάσ,"Λεωφόρος Καματερού 116 & Αντιγόνης 12, Καματερό",Κωδ. Ακινήτου: 1987,/property/1987/,"217,90 ",38.0621014,23.711326,
ΠΩΛΗΣΗ,Βιομηχανικό κτήριο,"Θέση ""ΤΣΟΥΜΠΑ ΚΟΤΣΙΝΙ"" Αυλώνος",Κωδ. Ακινήτου: 1986,/property/1986/,"2962,73 ",38.0078883,23.7193184,
ΠΩΛΗΣΗ,Κατάσ,Λυσάνδρου 3 (πρώην Κανάρη),Κωδ. Ακινήτου: 1972,/property/1972/,"169,23 ",40.6100721,22.9627595,
ΠΩΛΗΣΗ,Κατάσ,"Λεωφόρος Βουλιαγμένης 114 & Σπετσών 2, Γλυφάδα",Κωδ. Ακινήτου: 1971,/property/1971/,"337,16 ",37.9576854,23.7346838,
ΠΩΛΗΣΗ,Οικόπεδο,"Ανθέων & Γερανίων, Ο.Τ. Γ 1640, Πανόραμα ΄Ανω Λιοσίων ",Κωδ. Ακινήτου: 1967,/property/1967/,"1115,11 ",37.9373632,23.7398421,
ΠΩΛΗΣΗ,Κατοικία,"Επί του πεζοδρόμου Καρόλου Κουν, Ο.Τ. 127, Περιοχή ""Αύρα"", Νέα Μηχανιώνα",Κωδ. Ακινήτου: 1937,/property/1937/,"168,73 ",40.4630928,22.8610874,
ΠΩΛΗΣΗ,Οικόπεδο,"Πάροδος Βενέτη, θέση ""Τουρκοχώραφο-Ελαιών-Ανάβυσσος"" ή ""Πεύκα Γιούρντα"" Αναβύσσου, Ο.Τ. 159",Κωδ. Ακινήτου: 1934,/property/1934/,"1116,80 ",37.7398742,23.9306385,
ΠΩΛΗΣΗ,Διαμέρισμα,"Ν. Κυριακίδη 37, Ο.Τ.39",Κωδ. Ακινήτου: 1931,/property/1931/,"67,40 ",40.6580621,22.910216,
ΠΩΛΗΣΗ,Αποθήκη,"Λεβέντη 12, Λογοθέτου, Λαρίσης & Λεβίδου, θέση ''Σεπόλια'' ή ''Κολοκυνθού'', Ο.Τ. 4, Περιστέρι",Κωδ. Ακινήτου: 1928,/property/1928/,"651,60 ",UNK,UNK,
ΠΩΛΗΣΗ,Διαμέρισμα,"Ευξείνου 10-12, Αμπελόκηποι Θεσσαλονίκης",Κωδ. Ακινήτου: 1923,/property/1923/,"107,73 ",40.6499476,22.9236596,
ΠΩΛΗΣΗ / ΕΚΜΙΣΘΩΣΗ,Κατάσ,"Θεσσαλονίκης 112 (πάροδος Εθνικής οδού Αθηνών-Λαμίας), θέση ""Σνάρι"" Κουκουβαώνων, Ο.Τ.240",Κωδ. Ακινήτου: 1910,/property/1910/,"141,59 ",40.6400629,22.9444191,
ΠΩΛΗΣΗ,Κατάσ,"Σπετσών & Σαλαμίνος, Ο.Τ. 456, Δυτική Παραλία ",Κωδ. Ακινήτου: 1909,/property/1909/,"55,88 ",37.2625973,23.1322437,
ΠΩΛΗΣΗ,Κατάσ,"Γρηγορίου Λαμπράκη 11 & Σκυλίτση 25, θέση ''Ντάπια''",Κωδ. Ακινήτου: 1907,/property/1907/,"414,14 ",37.9469992,23.6553213,
ΠΩΛΗΣΗ,Κατάσ,Κουτσοπετάλου 5,Κωδ. Ακινήτου: 1906,/property/1906/,"456,96 ",38.436303,22.8753018,
ΠΩΛΗΣΗ,Αγροχιο,"Θέση ""Αμμούδες"" Βασιλικών",Κωδ. Ακινήτου: 1904,/property/1904/,"6813,00 ",UNK,UNK,
ΠΩΛΗΣΗ,Διαμέρισμα,"Ολυμπιάδος & Ωκεανού, Ο.Τ.: Γ΄ 742 ",Κωδ. Ακινήτου: 1896,/property/1896/,"96,12 ",40.6404204,22.9502712,
ΠΩΛΗΣΗ,Κατάσ,"Επαρχιακή οδός Κατερίνης-Παραλίας, θέση ""Καψούρα"" Δ.Δ. Περίστασης ",Κωδ. Ακινήτου: 1895,/property/1895/,"1565,30 ",40.2707601,22.5714272,
ΠΩΛΗΣΗ,Πολυώροφο κτήριο,"Αλατσατών 7, Ο.Τ. 123",Κωδ. Ακινήτου: 1893,/property/1893/,"910,06 ",38.0417879,23.7537532,
ΠΩΛΗΣΗ,Βιομηχανικό κτήριο,"Λεωφόρος Βάρης-Κορωπίου 40, θέση ''Πόρτσι''",Κωδ. Ακινήτου: 1872,/property/1872/,"450,00 ",37.8331083,23.777933,
ΠΩΛΗΣΗ,Κατάσ,Γιαννιτσών 31,Κωδ. Ακινήτου: 1871,/property/1871/,"268,79 ",40.6436408,22.9273673,
ΠΩΛΗΣΗ,Κατοικία,"Λεύκης 12, Ο.Τ.30, Συνεταιρισμός Παλαιών & Νέων Πολεμιστών Μακεδονίας ""Πεύκα-Ρετζίκι"" ",Κωδ. Ακινήτου: 1868,/property/1868/,"87,60 ",UNK,UNK,
ΠΩΛΗΣΗ,Γραφείο,"Σουφλίου 6, θέση ''Σπιθάρι'', Ο.Τ. 617, Άγιος Δημήτριος",Κωδ. Ακινήτου: 1867,/property/1867/,"549,19 ",37.9402228,23.73942,
ΠΩΛΗΣΗ,Βιομηχανικό κτήριο,Θέση ''Τούμπα'' Νέας Αγχιάλου Αγίου Αθανασίου ,Κωδ. Ακινήτου: 1865,/property/1865/,"1673,09 ",40.7165064,22.7279233,
ΠΩΛΗΣΗ,Διαμέρισμα,"Θέση ""Βατάκια"" Κρυοπηγής, Ο.Τ. Γ35 ",Κωδ. Ακινήτου: 1862,/property/1862/,"55,33 ",UNK,UNK,
ΠΩΛΗΣΗ,Οικόπεδο,"Μαρίνου Αντύπα 10Α, Νίκαια",Κωδ. Ακινήτου: 1857,/property/1857/,"3569,00 ",37.9746194,23.6412944,
ΠΩΛΗΣΗ,Αποθήκη,"Επαρχιακή οδός Καστοριάς-Νεστορίου, περιοχή Κολοκυνθούς",Κωδ. Ακινήτου: 1839,/property/1839/,"980,00 ",40.50429099999999,21.2136121,
ΠΩΛΗΣΗ,Διαμέρισμα,"Αγίου Σπυρίδωνος Ο.Τ.Γ179, Επανομή",Κωδ. Ακινήτου: 1837,/property/1837/,"66,84 ",40.4278416,22.9233122,
ΠΩΛΗΣΗ,Διαμέρισμα,"Ναυπάκτου 5, ΄Αγιος Δημήτριος Μπογιατίου, Άγιος Στέφανος",Κωδ. Ακινήτου: 1196,/property/1196/,"129,30 ",38.1361336,23.8676508,
ΠΩΛΗΣΗ,Διαμέρισμα,"Σάμου 25, Πέραμα, Ο.Τ.36 αρ.11",Κωδ. Ακινήτου: 1294,/property/1294/,"93,15 ",37.9656825,23.5791707,
ΠΩΛΗΣΗ,Κατάσ,"Αταλάντης 6, Πλατεία Αττικής",Κωδ. Ακινήτου: 1429,/property/1429/,"228,40 ",37.9962985,23.7226969,
ΠΩΛΗΣΗ,Κατάσ,"Καπνοκοπτηρίου 6, Πλατεία Βάθη",Κωδ. Ακινήτου: 1430,/property/1430/,"392,54 ",37.988524,23.7272011,
ΠΩΛΗΣΗ,Κατάσ,"Αρδάσης 31, θέση Σφαγεία, ΚΑΛΛΙΘΕΑ",Κωδ. Ακινήτου: 1456,/property/1456/,"256,64 ",37.963034,23.7089791,
ΠΩΛΗΣΗ,Γραφείο,"Λουίζης Ριανκούρ 75 & Λασκαρίδου, θέση ‘‘Ψυχικό’’ ή ‘‘Γηροκομείο’’, Αμπελόκηποι",Κωδ. Ακινήτου: 1479,/property/1479/,"488,10 ",37.993947,23.76507,
ΠΩΛΗΣΗ,Κατάσ,"Πιερίας 6, Γέρακας, Περιοχή ’’Κέντρο Γέρακα’’, Ο.Τ. 745",Κωδ. Ακινήτου: 1552,/property/1552/,"411,65 ",38.0070563,23.8643976,
ΠΩΛΗΣΗ,Αποθήκη,"Σταύρου Παπαδάκη 8-10, θέση «Βασιλική Γέφυρα ή Βασιλικοί Μύλοι», ΑΘΗΝΑΙ ",Κωδ. Ακινήτου: 1593,/property/1593/,"217,00 ",38.014296,23.722268,
ΠΩΛΗΣΗ,Κατοικία,"Ιωάννη Κεχαγιά 20, Νεάπολη, Ο.Τ. 279, Νίκαια",Κωδ. Ακινήτου: 1596,/property/1596/,"465,02 ",37.9746194,23.6412944,
ΠΩΛΗΣΗ,Οικόπεδο,"Κατακουζηνού & Δ. Κυδώνη, ΄Ανω Λιόσια, Ο.Τ.736",Κωδ. Ακινήτου: 1611,/property/1611/,"424,10 ",UNK,UNK,
ΠΩΛΗΣΗ,Κατοικία,"Ρωμανού Μελωδού & Δυναστείας Μακεδόνων 75Β, Ο.Τ. 665, θέση Άγιος Ιωάννης Θεολόγος",Κωδ. Ακινήτου: 1652,/property/1652/,"114,98 ",UNK,UNK,
ΠΩΛΗΣΗ,Κατάσ,"Θηβών 46-48, Ο.Τ. 70, θέση ’’Καραβάς’’, Δήμος Πειραιά",Κωδ. Ακινήτου: 1705,/property/1705/,"304,00 ",37.9570481,23.6516626,
ΠΩΛΗΣΗ,Διαμέρισμα,"Μεγάλου Αλεξάνδρου 25, θέση Πίσω Λόγγος ή Συκιά Πίνη, Ο.Τ. 175",Κωδ. Ακινήτου: 1758,/property/1758/,"87,80 ",UNK,UNK,
ΠΩΛΗΣΗ,Οικόπεδο,"Θέση Μαζαρέκο, επί ανωνύμου οδού (χωματόδρομος) προέκταση οδού Δημοδιδασκάλου Κ. Νικολάου στο Ο.Τ. Δ246, στην ΠΕ 1ης & 4ης ""Μυκηναϊκών Τάφων"", Σπάτα ",Κωδ. Ακινήτου: 1762,/property/1762/,"228,80 ",UNK,UNK,
ΠΩΛΗΣΗ,Γραφείο,"Πρωτοπαπαδάκη 36 & Βυζαντίου, θέση Ακνων",Κωδ. Ακινήτου: 1771,/property/1771/,"138,09 ",38.0111863,23.7561865,
ΠΩΛΗΣΗ,Βιομηχανικό κτήριο,"Κιλκίς & Μετρών 5, Ο.Τ. 44, θέση ''Κομμάτι Λαζάρου'',  Νέα Ιωνία",Κωδ. Ακινήτου: 1776,/property/1776/,"4252,65 ",40.99370709999999,22.8753674,
ΠΩΛΗΣΗ,Πολυώροφο κτήριο,"Λεωφόρος Εθνικής Αντιστάσεως 43 & Σαρανταπόρου, Ο.Τ. 273, Χαλάνδρι",Κωδ. Ακινήτου: 1782,/property/1782/,"4426,75 ",37.9688026,23.7570752,
ΠΩΛΗΣΗ,Οικόπεδο,"Πενταγιών 3 & Λαμπέτη 10, θέση ''Ναυπηγεία Σκαραμαγκά'' ή ''Χάνι Ρουμανέλι'', Ο.Τ. 51  ",Κωδ. Ακινήτου: 1788,/property/1788/,"625,50 ",38.0050289,23.6018348,
ΠΩΛΗΣΗ,Κατοικία,"Θ. Δηλιγιάννη 73, O.T.197, Κεφαλάρι",Κωδ. Ακινήτου: 1793,/property/1793/,"1828,68 ",UNK,UNK,
ΠΩΛΗΣΗ,Κατοικία,"Αριστίππου 12, Πολεοδομική Ενότητα Ζωφριά ΙΙ, Ο.Τ. 2275, Άνω Λιόσια ",Κωδ. Ακινήτου: 1809,/property/1809/,"179,97 ",37.9800617,23.743607,
ΠΩΛΗΣΗ,Πολυώροφο κτήριο,"Λεωφόρος Αθηνών-Πειραιώς 83 & Καστανίτσης,
Ο.Τ. 36, Καμίνια ",Κωδ. Ακινήτου: 1811,/property/1811/,"6028,99 ",37.9507181,23.6612081,
ΠΩΛΗΣΗ,Διαμέρισμα,"Καμπίτη & Βύρωνος 27, ΝΑΟΥΣΑ",Κωδ. Ακινήτου: 1031,/property/1031/,"138,38 ",40.6290835,22.0701852,
ΠΩΛΗΣΗ,Αγροχιο,Θέση ΠΑΣΣΟΥ Γλώσσας,Κωδ. Ακινήτου: 1090,/property/1090/,"4007,95 ",UNK,UNK,
ΠΩΛΗΣΗ,Οικόπεδο,"Επιβατών 46, Ο.Τ. 113, ΠΤΟΛΕΜΑΪΔΑ",Κωδ. Ακινήτου: 1139,/property/1139/,"1078,59 ",40.515982,21.6897724,
ΠΩΛΗΣΗ,Πολυώροφο κτήριο,"Θηβών 46-48 (πρώην 40-42), Καραβάς, Ο.Τ. 70",Κωδ. Ακινήτου: 1158,/property/1158/,"5027,15 ",37.9570481,23.6516626,
ΠΩΛΗΣΗ,Αγροχιο,Αγρόκ Νεοχωρούδας Θεσσαλονίκης,Κωδ. Ακινήτου: 1169,/property/1169/,"20000,00 ",40.7242029,22.850908,
ΠΩΛΗΣΗ,Αγροχιο,Αγρόκ Νεοχωρούδας Θεσσαλονίκης,Κωδ. Ακινήτου: 1170,/property/1170/,"68154,00 ",40.7242029,22.850908,
ΠΩΛΗΣΗ,Κατοικία,"Κανάρη 12, Ο.Τ.2 Μαυροδένδρι Δ.Υψηλάντη",Κωδ. Ακινήτου: 1178,/property/1178/,"567,67 ",40.3811175,21.7710303,
ΠΩΛΗΣΗ,Κατάσ,"Ι. Τσεκούρα, περιοχή ""Εμποροπανήγυρη"", Ο.Τ. Γ 212",Κωδ. Ακινήτου: 1197,/property/1197/,"218,50 ",UNK,UNK,
ΠΩΛΗΣΗ,Κατοικία,"Νίκης & Μεγάλου Αλεξάνδρου 42, Περαία Θερμαϊκού",Κωδ. Ακινήτου: 1223,/property/1223/,"166,05 ",UNK,UNK,
ΠΩΛΗΣΗ,Αγροχιο,Θέση «Ντάρδεζα» Δ.Δ. Σγκας Βέλου,Κωδ. Ακινήτου: 1260,/property/1260/,"7208,07 ",37.7994996,23.9954169,
ΠΩΛΗΣΗ,Αγροχιο,Θέση «Ντάρδεζα» Δ.Δ. Σγκας Βέλου,Κωδ. Ακινήτου: 1261,/property/1261/,"4354,33 ",37.7994996,23.9954169,
ΠΩΛΗΣΗ,Διαμέρισμα,"Θέση Καρυδιά, Αγίας Μαρίνας Στυλίδας",Κωδ. Ακινήτου: 1431,/property/1431/,"255,54 ",38.8961129,22.5835765,
ΠΩΛΗΣΗ,Διαμέρισμα,"Θέση ’’ΤΑΟΥΣΑΝ ΤΕΠΕ’’ ήδη ’’ΒΙΛΛΕΣ ΡΕΤΣΟΥ’’ Αριστοτέλους 80, Ο.Τ.40, Σταυρούπολη ",Κωδ. Ακινήτου: 1458,/property/1458/,"70,67 ",40.6712122,22.9259244,
ΠΩΛΗΣΗ,Αγροχιο,Νέα Μεσημβρία Αγίου Αθανασίου,Κωδ. Ακινήτου: 1484,/property/1484/,"8100,00 ",40.7165064,22.7279233,
ΠΩΛΗΣΗ,Διαμέρισμα,"Εθνικής Αντιστάσεως 146, «Κανελλοπούλου Σφαγεία», ΚΙΑΤΟ",Κωδ. Ακινήτου: 1485,/property/1485/,"89,55 ",UNK,UNK,
ΠΩΛΗΣΗ,Αποθήκη,"Ελύτη 5, Ο.Τ.Γ309 συνοικισμός «Νέα Κρήνη»",Κωδ. Ακινήτου: 1531,/property/1531/,"369,00 ",40.572584,22.956238,
ΠΩΛΗΣΗ,Διαμέρισμα,"Ευγενίου Ιορδάνου & Σελεύκου 3, ΚΑΒΑΛΑ",Κωδ. Ακινήτου: 1534,/property/1534/,"91,33 ",UNK,UNK,
ΠΩΛΗΣΗ,Διαμέρισμα,"Μαρίας Χατζηκυριάκου 129-131, συνοικισμός «Νέα Καλλίπολη» Πειραιάς",Κωδ. Ακινήτου: 1560,/property/1560/,"85,55 ",37.9279302,23.6330458,
ΠΩΛΗΣΗ,Διαμέρισμα,"Ν. Κυριακίδη 25 (πρώην Ι. Μεταξά 29), Ο.Τ. 47, Νέα Μενεμένη Θεσσαλονίκης",Κωδ. Ακινήτου: 1591,/property/1591/,"81,67 ",40.6572341,22.9115492,
ΠΩΛΗΣΗ,Διαμέρισμα,"Αφροδίτης, Φλώρινα",Κωδ. Ακινήτου: 1595,/property/1595/,"55,22 ",40.779175,21.412825,
ΠΩΛΗΣΗ,Κατοικία,"Σπύρου Σωνιερού & Γεωργίου Λασσάνη,Ο.Τ 3144, θέση Σαμακιά ή Παγώνα, Πάτρα ",Κωδ. Ακινήτου: 1615,/property/1615/,"79,37 ",37.9877498,23.7248802,
ΠΩΛΗΣΗ,Οικόπεδο,"Κ. Μακρή, συνοικία Αγίου Νεκταρίου, Ο.Τ. Γ 554, Νέα Ιωνία",Κωδ. Ακινήτου: 1618,/property/1618/,"395,61 ",39.383086,22.9368301,
ΠΩΛΗΣΗ,Κατάσ,"Ματαραγκιώτη 2 & Αθανασίου Διάκου, ΤΡΙΚΑΛΑ",Κωδ. Ακινήτου: 1624,/property/1624/,"126,92 ",UNK,UNK,
ΠΩΛΗΣΗ,Ιδιόμορφο,"4ο χλμ. επαρχιακής οδού Καρδίτσας-Μητροπόλεως, θέση Πηγάδι ή Πλατανάκια Γεωργικού Μητροπόλεως",Κωδ. Ακινήτου: 1632,/property/1632/,"7623,48 ",39.3580238,21.9109481,
ΠΩΛΗΣΗ,Βιομηχανικό κτήριο,Θέση Κρυονέρι ή Ξηροκόμη Παράπλευρος Εθνικής οδού Θεσσαλονίκης-Νέων Μουδανιών Λακκώματος Καλλικράτειας ,Κωδ. Ακινήτου: 1636,/property/1636/,"4720,82 ",40.3922818,23.034883,
ΠΩΛΗΣΗ,Αγροχιο,Θέση «Λυκότρυπο» Επταλόφου Παρνασσού,Κωδ. Ακινήτου: 1650,/property/1650/,"4942,00 ",UNK,UNK,
ΠΩΛΗΣΗ,Κατάσ,"Ιερολοχιτών 101, Ο.Τ. 1260, συνοικία Αγίων Αναργύρων Βόλου",Κωδ. Ακινήτου: 1656,/property/1656/,"182,45 ",39.370181,22.9254142,
ΠΩΛΗΣΗ,Κατοικία,"Γαληνού, Διοσκουρίδου & Κέλσου, Ο.Τ.3, Γ΄ Ζώνη Δήμου  Πολυγύρου",Κωδ. Ακινήτου: 1662,/property/1662/,"131,55 ",UNK,UNK,
ΠΩΛΗΣΗ,Διαμέρισμα,"Ανδριανουπόλεως 6, Ο.Π.211",Κωδ. Ακινήτου: 1664,/property/1664/,"78,40 ",40.5870448,22.9543321,
ΠΩΛΗΣΗ,Διαμέρισμα,"Ρωμανού 21 & ανωνύμου, συνοικία « Αγίου Ιωάννη» Καβάλα",Κωδ. Ακινήτου: 1667,/property/1667/,"79,76 ",38.0321254,23.6945445,
ΠΩΛΗΣΗ,Διαμέρισμα,"Φιλίππου Φλώρου 41 & Ντόρτογλου 34 Ο.Τ. 8, ΕΛΕΥΘΕΡΙΟ - ΚΟΡΔΕΛΙΟ",Κωδ. Ακινήτου: 1668,/property/1668/,"74,69 ",40.6717942,22.89543,
ΠΩΛΗΣΗ,Αγροχιο,Παράδρομος οδού Καβάλας-Ελευθερούπολης Αμυγδαλεώνα Φιλίππων,Κωδ. Ακινήτου: 1675,/property/1675/,"18801,47 ",40.9612218,24.3617672,
ΠΩΛΗΣΗ,Κατοικία,"Υπατίας, συνοικία Άγιος Γεώργιος στο Ο.Τ. 244 με κωδικό ιδιοκτησίας Ν363",Κωδ. Ακινήτου: 1699,/property/1699/,"208,61 ",UNK,UNK,
ΠΩΛΗΣΗ,Διαμέρισμα,Αγάθωνος 66 (πρώην 68) ,Κωδ. Ακινήτου: 1717,/property/1717/,"57,69 ",40.6494877,22.9233279,
ΠΩΛΗΣΗ,Βιομηχανικό κτήριο,"Θέση «Άμμος» συνοικισμού Συλιβαινιώτικων
ΑΚΡΑΤΑ",Κωδ. Ακινήτου: 172,/property/172/,"473,36 ",38.1605215,22.331161,
ΠΩΛΗΣΗ,Κατάσ,"Ο.Τ. Γ92 Επαρχιακή οδός Ν. Μουδανιών - Κασσάνδρας, Καλλιθέα",Κωδ. Ακινήτου: 1733,/property/1733/,"122,40 ",40.2799437,23.2989944,
ΠΩΛΗΣΗ,Βιομηχανικό κτήριο,"3ο χλμ. επαρχιακής οδού Ξάνθης-Μαγγάνων, θέση Τσαβδάρ Ταρλά, Αγρόκ Πετεινού, Δ.Δ. Διομηδείας",Κωδ. Ακινήτου: 1737,/property/1737/,"3318,69 ",41.0891485,24.9011461,
ΠΩΛΗΣΗ,Διαμέρισμα,"Ελένης & Σαράντη Αρχιγένους 16-18, Ο.Τ. 24 Νέων Επιβατών",Κωδ. Ακινήτου: 1739,/property/1739/,"58,85 ",UNK,UNK,
ΠΩΛΗΣΗ,Διαμέρισμα,Ο.Τ.47 Καρδία Μίκρας,Κωδ. Ακινήτου: 1741,/property/1741/,"138,25 ",40.4685079,22.9945421,
ΠΩΛΗΣΗ,Κατάσ,"Δ. Παπασπύρου 61 &  Αισχύλου, θέση Λειβαδάκια ",Κωδ. Ακινήτου: 1745,/property/1745/,"87,90 ",37.9895092,23.8440839,
ΠΩΛΗΣΗ,Κατάσ,"Δ. Παπασπύρου 61 &  Αισχύλου, θέση Λειβαδάκια",Κωδ. Ακινήτου: 1746,/property/1746/,"87,56 ",37.9895092,23.8440839,
ΠΩΛΗΣΗ,Κατοικία,"Ηρακλέους 47 & ανωνύμου οδού, θέση Νέα Δημητριάδα Ο.Τ. 1480",Κωδ. Ακινήτου: 1759,/property/1759/,"204,80 ",40.5967807,22.9681685,
ΠΩΛΗΣΗ,Αγροχιο,"Αγροτική οδός προς Οινόη, θέση ""Ραχήλι"", στην κτική περιφέρεια Δήμου Σχηματαρίου Ν. Βοιωτίας",Κωδ. Ακινήτου: 1764,/property/1764/,"9074,19 ",38.3486264,23.5829255,
ΠΩΛΗΣΗ,Κατοικία,"Ανοίξεως, θέση Σαμουτάνι Βραχατίου Βόχας",Κωδ. Ακινήτου: 1770,/property/1770/,"167,83 ",37.9508289,22.8158442,
ΠΩΛΗΣΗ,Κατάσ,"Αγίας Λαύρας & Κύκνων, θέση ''Μεζούρλο'', συνοικία Ηπειρώτικων, Γ1883, Λάρισα",Κωδ. Ακινήτου: 1779,/property/1779/,"910,98 ",38.0194519,23.7395991,
ΠΩΛΗΣΗ,Πολυώροφο κτήριο,Λιβανόβου 8 ,Κωδ. Ακινήτου: 1783,/property/1783/,"398,09 ",40.6409075,22.9301431,
ΠΩΛΗΣΗ,Κατάσ,"Στρατηγού Μακρυγιάννη 22, Συνοικισμός Ηλιουπόλεως",Κωδ. Ακινήτου: 1789,/property/1789/,"172,00 ",40.671034,22.9311778,
ΠΩΛΗΣΗ,Διαμέρισμα,"Πυθαγόρα 43 & Λάρνακος, Εύοσμος",Κωδ. Ακινήτου: 1790,/property/1790/,"70,86 ",40.5775339,23.0155415,
ΠΩΛΗΣΗ,Κατάσ,"Ιωάννη Λέκκα 58, Ο.Τ.130, ΛΟΥΤΡΑΚΙ",Κωδ. Ακινήτου: 1799,/property/1799/,"191,54 ",37.9774743,22.9823187,
ΠΩΛΗΣΗ,Κατοικία,"Παπαφλέσσα 5, περιοχή Συνοικισμού ",Κωδ. Ακινήτου: 1820,/property/1820/,"134,08 ",UNK,UNK,
ΠΩΛΗΣΗ,Κατοικία,"Ηρακλέους 41, θέση Νέα Δημητριάδα Ο.Τ. 1480",Κωδ. Ακινήτου: 1824,/property/1824/,"213,47 ",39.3626013,22.968379,
ΠΩΛΗΣΗ,Ξενοδοχείο,Δημοτική οδός Κάτω Γλυκόβρυσης Έλους,Κωδ. Ακινήτου: 1825,/property/1825/,"798,91 ",36.832679,22.6976173,
ΠΩΛΗΣΗ,Βιομηχανικό κτήριο,"Παλαιά εθνική οδός Αεροδρομίου-Θέρμης, Ο.Τ. Γ713",Κωδ. Ακινήτου: 1828,/property/1828/,"5211,74 ",40.53089569999999,22.9909148,
ΠΩΛΗΣΗ,Κατοικία,"Ηρακλέους 45 & ανωνύμου οδού, θέση Νέα Δημητριάδα Ο.Τ. 1480",Κωδ. Ακινήτου: 1832,/property/1832/,"212,50 ",37.9557344,23.7114166,
ΠΩΛΗΣΗ,Βιομηχανικό κτήριο,Θέση Αγκρεμός κοινότητος Σαλάκου Καμείρου,Κωδ. Ακινήτου: 213,/property/213/,"420,52 ",36.2895582,27.943339,
ΠΩΛΗΣΗ,Αγροχιο,"Κοινότητα Καρτερών Θεσσαλονίκης, Δήμος Λαχανά",Κωδ. Ακινήτου: 266,/property/266/,"7937,00 ",40.9623932,23.2046417,
ΠΩΛΗΣΗ,Βιομηχανικό κτήριο,Κολχικό Λαγκαδά,Κωδ. Ακινήτου: 289,/property/289/,"4021,28 ",40.7576842,23.1342184,
ΠΩΛΗΣΗ,Αποθήκη,"Γεωργίου Σεφέρη 3, συνοικισμός Διαβατών Ιωνίας Εχεδώρου, Ο.Τ.77, οικόπεδο υπ΄ αριθ.485",Κωδ. Ακινήτου: 326,/property/326/,"267,86 ",40.6912055,22.8528305,
ΠΩΛΗΣΗ,Βιομηχανικό κτήριο,Αγρόκ Φίλυρας Σιντικής Νεοχωρίου Κερκίνης ,Κωδ. Ακινήτου: 468,/property/468/,"1154,77 ",41.21,23.13,
ΠΩΛΗΣΗ,Θέσεις σταθμεύσεως,"Χρυσοσυ Σμύρνης 11, Σέρρες",Κωδ. Ακινήτου: 473,/property/473/,"572,59 ",41.0865981,23.5500863,
ΠΩΛΗΣΗ,Οικόπεδο,"Θέση Βάγια ή Γούβα 
Πισκοπιανό Πεδιάδος Χερσονήσου                     ",Κωδ. Ακινήτου: 594,/property/594/,"422,74 ",35.3085648,25.3852719,
ΠΩΛΗΣΗ,Οικόπεδο,Βάγια η Γούβα - Πισκοπιανό Πεδιάδος Χερσονήσου,Κωδ. Ακινήτου: 595,/property/595/,"849,86 ",35.3353072,25.1360759,
ΠΩΛΗΣΗ,Οικόπεδο,"Θέση Βάγια η Γούβα
Πισκοπιανό Πεδιάδος Χερσονήσου
 ",Κωδ. Ακινήτου: 596,/property/596/,"760,12 ",35.3085648,25.3852719,
ΠΩΛΗΣΗ,Κατοικία,"Θέση ""Ακάντια"" Παραδεισίου Πεταλουδών",Κωδ. Ακινήτου: 713,/property/713/,"258,03 ",36.3982111,28.0818486,
ΠΩΛΗΣΗ,Κατάσ,"Ελευθερίου Βενιζέλου (Θησέως) 55-57, ΚΑΛΛΙΘΕΑ",Κωδ. Ακινήτου: 733,/property/733/,"585,76 ",37.9613532,23.7103093,
ΠΩΛΗΣΗ,Βιομηχανικό κτήριο,"Αγροτική οδός κτικής περιφέρειας Οινοφύτων, θέση «Λύσια ή Τεμπέλι», Οινόφυτα",Κωδ. Ακινήτου: 988,/property/988/,"4202,36 ",38.3080648,23.6391172,
ΠΩΛΗΣΗ,Αποθήκη,"Τριπου 11-13 (πρώην 3), περιοχή Αμπελώνων, Ο.Τ.82

",Κωδ. Ακινήτου: 991,/property/991/,"1704,50 ",40.6606389,22.9262564,
ΠΩΛΗΣΗ,Αγροχιο,Θέση Φαρίζα οικισμού Αγιόκαμπου,Κωδ. Ακινήτου: 1585,/property/1585/,"131,20 ",39.4145,22.5243,
ΠΩΛΗΣΗ,Αγροχιο,"Παλαιά Εθνική οδός Θεσσαλονίκης-Ευζώνων, Άγιος Αθανάσιος",Κωδ. Ακινήτου: 1470,/property/1470/,"820,40 ",40.9195721,22.6478352,
ΠΩΛΗΣΗ,Αποθήκη,"25ης Μαρτίου 20 (πρώην 47), Ο.Τ. 28",Κωδ. Ακινήτου: 285,/property/285/,"301,10 ",UNK,UNK,
ΠΩΛΗΣΗ / ΕΚΜΙΣΘΩΣΗ,Αποθήκη,Ο.Τ. 25 Συνοικισμού Κεφαλοχωρίου Αντιγονιδών,Κωδ. Ακινήτου: 1218,/property/1218/,"818,25 ",40.6,22.333333,
ΠΩΛΗΣΗ,Βιομηχανικό κτήριο,1ο χλμ. επαρχιακής οδού Αρχαγγέλου-Κρύας Βρύσης Ακρολίμνης Κρύας Βρύσης,Κωδ. Ακινήτου: 1015,/property/1015/,"600,00 ",40.6755281,22.2611918,
ΠΩΛΗΣΗ,Διαμέρισμα,"Ψαρών 18, θέση ΚΑΡΡΑΣ Ο.Τ.169 ",Κωδ. Ακινήτου: 1083,/property/1083/,"113,47 ",UNK,UNK,
ΠΩΛΗΣΗ,Διαμέρισμα,"Υπ' αριθ.101 οικόπεδο, Ο.Τ.20, Συνοικισμός Νέων Φλογητών",Κωδ. Ακινήτου: 1727,/property/1727/,"64,54 ",40.2608574,23.2215193,
ΠΩΛΗΣΗ,Γραφείο,"Παπαζαχαρίου & Σουλίου, Άγιος Δημήτριος, Ο.Τ. 358 ",Κωδ. Ακινήτου: 1780,/property/1780/,"949,58 ",37.9600989,23.718047,
ΠΩΛΗΣΗ,Οικόπεδο,"Μ. Μπότσαρη 6, Ο.Τ.61, ΝΕΑ ΕΡΥΘΡΑΙΑ
",Κωδ. Ακινήτου: 1070,/property/1070/,"1209,00 ",38.1014807,23.8244885,
ΠΩΛΗΣΗ,Οικόπεδο,Φιλικών Μπόχαλης,Κωδ. Ακινήτου: 234,/property/234/,"504,73 ",37.79125459999999,20.8974276,
ΠΩΛΗΣΗ,Θέσεις σταθμεύσεως,"Βατσαξή 3-5, ΑΘΗΝΑΙ",Κωδ. Ακινήτου: 151,/property/151/,"1410,00 ",37.9877524,23.7252381,
ΠΩΛΗΣΗ,Οικόπεδο,Θέση «Σπέντζα ή Γρίβα» Ευαγγελιστρίας Βόχας,Κωδ. Ακινήτου: 1584,/property/1584/,"5106,05 ",37.9378177,22.8035566,
ΠΩΛΗΣΗ,Οικόπεδο,"Σκιάθου 100, Συνοικία Οσίου Λουκά, Πατήσια",Κωδ. Ακινήτου: 1638,/property/1638/,"210,60 ",38.0116887,23.7380688,
ΠΩΛΗΣΗ,Οικόπεδο,"Κεράμου & Γεωργίου Σεφέρη 9, Ο.Τ.37, Νέα Αλικαρνασσός",Κωδ. Ακινήτου: 1829,/property/1829/,"116,24 ",38.5558334,25.9360074,
ΠΩΛΗΣΗ,Βιομηχανικό κτήριο,Θέση «Μακρυνά Καβούκι» Φαλάνης Γιάννουλης,Κωδ. Ακινήτου: 371,/property/371/,"3469,43 ",39.6476956,22.4158974,
ΠΩΛΗΣΗ / ΕΚΜΙΣΘΩΣΗ,Κατάσ,"Αρμεν 5, ΔΡΑΜΑ ",Κωδ. Ακινήτου: 538,/property/538/,"360,27 ",41.1508065,24.147182,
ΠΩΛΗΣΗ,Βιομηχανικό κτήριο,"Θέση ""Κάμπος"" Φλόκα",Κωδ. Ακινήτου: 665,/property/665/,"1217,33 ",UNK,UNK,
ΠΩΛΗΣΗ,Διαμέρισμα,"Αθανασίου Διάκου 10, 154 Ο.Τ. οικισμού Διαβατών Ιωνίας Εχεδώρου",Κωδ. Ακινήτου: 1663,/property/1663/,"75,53 ",40.6892482,22.8593289,
ΠΩΛΗΣΗ / ΕΚΜΙΣΘΩΣΗ,Ιδιόμορφο,"Χαιρωνείας 41, ΚΟΖΑΝΗ",Κωδ. Ακινήτου: 921,/property/921/,"3781,76 ",40.3005586,21.7887737,
ΠΩΛΗΣΗ,Οικόπεδο,"Σύβοτα, Λευκάδα",Κωδ. Ακινήτου: Π791,/property/p791/,"6772,25 ",38.6236468,20.6814698,"                                120.000,00                             "
,Οικόπεδο,"Ακτή Κανάρη, Πατρ. Αθανασίου και Πατρ. Ιωανίκιου, συνοικία ""Νέα Χώρα""",Κωδ. Ακινήτου: 5714,/property/5714/,"10988,54 ",35.5172291,24.0100702,
ΠΩΛΗΣΗ,Διαμέρισμα,"Νότου 17, θέση ""Άγιος Ιωάννης ο Κυνηγός"" Ο.Τ.35",Κωδ. Ακινήτου: 6227,/property/6227/,"131,60 ",UNK,UNK,
